"ID","いいね数"
12578,0
12576,1
12575,0
12574,0
12566,3
12573,1
12572,1
12570,3
12309,7
12308,4
12569,9
12510,6
12568,9
12567,11
12522,2
12565,9
12564,5
12563,5
12562,7
12561,1
12553,5
12554,8
12560,14
12559,12
12558,9
12557,5
12556,8
12555,6
12552,10
12551,2
12550,12
12549,13
12524,5
12548,1
12547,9
12546,2
12545,8
12544,6
12541,4
12410,9
12409,5
12422,11
12540,9
12539,3
12538,3
12537,5
12536,5
12535,6
12534,9
12533,9
12532,11
12530,5
12531,6
12529,11
12528,15
12527,2
12526,6
12525,9
12523,4
12354,13
12353,9
12421,3
12521,12
12505,2
12520,7
12519,1
12517,6
12516,7
12515,13
12514,4
12506,1
12509,7
12345,9
12344,8
12508,13
12420,3
12507,6
12504,14
12503,4
12501,12
12500,8
12499,9
12498,8
12497,3
12496,5
12495,10
12494,5
12493,7
12489,6
12492,0
12491,9
12488,10
12466,3
12487,8
12486,24
12485,3
12484,4
12343,10
12341,10
12469,11
12483,18
12361,11
12482,9
12481,0
12480,2
12478,7
12411,2
12477,5
12476,6
12475,10
12474,6
12473,9
12472,10
12471,4
12470,1
12468,10
12467,4
12465,17
12464,18
12463,4
12462,9
12455,3
12461,5
12398,2
12460,4
12459,1
12458,3
12457,10
12456,1
12454,12
12453,14
12317,10
12316,8
12442,2
12451,4
12449,4
12351,1
12448,8
12447,2
12446,5
12445,3
12444,5
12443,7
12441,4
12440,12
12438,15
12439,6
12437,4
12436,8
12435,13
12434,4
12429,8
12428,9
12425,12
12412,8
12424,11
12423,2
12419,6
12418,14
12417,10
12416,9
12415,4
12414,1
12315,6
12313,4
12413,6
12327,4
12408,1
12407,6
12374,2
12406,6
12405,2
12404,2
12403,4
12402,9
12401,14
12395,11
12400,7
12399,35
12396,8
12394,10
12393,12
12392,10
12391,10
12390,8
12389,16
12307,10
12306,11
12323,19
12388,6
12387,11
12386,7
12385,3
12384,3
12383,1
12382,14
12381,18
12379,5
12378,5
12375,12
12377,11
12376,17
12311,8
12310,7
12322,13
12321,11
12373,1
12372,2
12371,11
12370,15
12369,8
12368,8
12367,2
12366,10
12365,7
12364,13
12329,8
12363,12
12330,11
12362,10
12360,2
12359,18
12358,11
12357,15
12356,1
12355,3
12248,6
12247,5
12268,9
12352,1
12350,4
12349,4
12347,9
12346,6
12342,7
12250,10
12340,5
12339,3
12338,9
12337,2
12336,5
12335,8
12334,10
12333,11
12332,1
12331,0
12328,17
12326,4
12325,1
12246,11
12245,7
12324,15
12267,9
12320,4
12265,4
12319,8
12318,13
12314,1
12312,1
12305,1
12304,3
12303,9
12302,7
12301,15
12232,11
12300,17
12299,7
12298,15
12297,0
12295,10
12294,4
12293,7
12292,13
12291,8
12290,2
12289,1
12288,27
12287,0
12286,1
12285,4
12284,10
12243,8
12242,8
12283,7
12212,2
12278,9
12280,11
12281,2
12279,14
12277,10
12276,7
12275,2
12274,10
12238,9
12273,2
12272,5
12271,2
12270,11
12269,14
12266,5
12220,9
12219,10
12264,8
12152,2
12221,12
12216,2
12262,12
12263,11
12261,4
12260,2
12259,3
12258,10
12257,9
12256,3
12231,11
12244,8
12255,5
12254,12
12253,20
12252,1
12251,6
12249,2
12218,3
12217,6
12241,16
12148,9
12240,2
12239,6
12237,5
12236,5
12235,4
12234,9
12233,2
12230,11
12229,1
12228,16
12226,10
12224,5
12225,8
12223,14
12222,11
12075,11
12074,9
12147,15
12185,1
12215,2
12214,10
12213,5
12207,12
12211,11
12210,2
12209,2
12208,9
12206,12
12205,5
12031,7
12030,6
12204,17
12203,16
12089,6
12202,3
12201,4
12200,4
12199,7
12198,6
12194,13
12197,13
12196,6
12195,3
12193,2
12192,15
12191,5
12190,3
12189,3
12047,8
12046,6
12188,4
12187,18
12041,10
12186,3
12137,2
12184,5
12183,14
12182,11
12181,4
12180,5
12173,11
12179,8
12178,14
12177,7
12176,3
12175,4
12174,16
12172,1
12171,0
12170,1
12169,17
12168,0
12045,12
12044,12
11925,2
12026,8
12167,2
12166,6
12165,3
12164,13
12163,0
12162,4
12161,1
12160,9
12159,4
12158,10
12157,9
12156,3
12155,13
12153,8
12154,7
12151,3
12150,0
12149,0
12146,11
12145,9
12144,1
12135,1
12136,3
12069,9
12068,8
12143,8
12142,5
12141,5
12140,6
12139,8
12138,8
11986,1
12080,3
12134,3
12133,13
12132,7
12131,9
12130,7
12129,9
12128,7
12127,14
12126,3
12125,4
12103,7
12124,15
12123,5
12116,0
12121,10
12122,4
12120,1
12119,2
12118,9
12115,19
12114,12
12058,7
12057,5
11983,1
12113,14
12112,5
12111,12
12110,10
12109,3
12108,1
12107,1
12106,8
12105,3
12104,6
12101,3
12102,1
12100,14
12099,2
12093,6
12098,7
12097,9
12096,10
12095,9
12094,5
12092,9
12091,2
12090,1
12088,0
12087,9
12086,5
12085,1
11938,11
11937,7
12084,1
12083,1
11960,13
12081,1
12025,5
12079,22
12078,5
12077,1
12056,9
12076,17
12067,12
12073,15
12072,13
12071,14
12063,8
12066,15
12065,7
12064,0
12062,2
12060,11
11931,12
11930,8
12059,2
11852,9
12055,4
12054,10
12053,11
12052,6
12051,8
12050,8
12049,15
12043,12
12048,4
12039,9
12042,10
12040,20
12038,4
12037,2
12035,9
12034,8
12033,1
12032,12
11956,12
11955,10
12029,6
12028,3
11784,4
12024,2
11971,3
12023,4
12022,12
12021,14
12020,4
12019,4
12018,10
12017,3
12016,11
12015,2
12014,2
12013,11
12012,14
12003,4
12011,5
12010,8
12009,5
12008,6
12007,5
12006,7
12005,15
12004,13
12002,8
12000,3
12001,2
11998,5
11881,8
11880,8
11997,5
11764,8
11994,8
11996,5
11995,23
11993,11
11992,9
11991,3
11990,5
11989,8
11988,11
11987,4
11985,7
11984,2
11982,5
11981,7
11980,7
11976,7
11979,11
11978,9
11977,6
11975,5
11974,7
11973,5
11886,9
11885,9
11763,8
11972,13
11933,5
11970,6
11969,14
11968,11
11967,7
11966,14
11965,16
11964,12
11963,13
11962,7
11961,8
11959,8
11958,4
11957,2
11884,15
11883,13
11702,4
11954,9
11953,12
11943,11
11952,1
11951,5
11950,12
11949,7
11948,4
11947,6
11946,2
11945,13
11944,2
11939,6
11942,3
11941,12
11940,5
11936,1
11935,14
11756,12
11755,10
11675,5
11934,5
11895,3
11932,14
11929,16
11928,10
11927,6
11926,15
11921,12
11924,3
11923,14
11922,4
11920,11
11919,6
11918,9
11917,6
11916,7
11915,0
11914,1
11913,16
11734,12
11733,9
11911,23
11896,11
11680,11
11910,9
11909,9
11908,4
11907,8
11906,3
11905,16
11904,5
11903,4
11902,10
11900,3
11901,0
11899,17
11898,11
11897,11
11760,12
11759,11
11677,8
11871,5
11894,13
11893,16
11892,10
11891,7
11890,10
11889,8
11888,5
11887,14
11882,9
11875,10
11879,17
11878,14
11877,15
11876,11
11874,11
11873,16
11872,6
11719,12
11718,11
11668,2
11870,9
11869,7
11868,4
11867,10
11866,7
11865,4
11864,6
11863,5
11862,15
11861,6
11860,2
11858,11
11859,13
11857,8
11856,11
11855,1
11854,9
11853,1
11851,21
11850,11
11849,4
11616,3
11565,8
11450,5
11817,3
11848,12
11847,8
11846,4
11845,7
11844,4
11843,12
11842,8
11839,10
11840,13
11838,11
11837,18
11836,10
11835,4
11727,18
11726,13
11614,9
11834,2
11832,12
11831,9
11830,11
11829,3
11828,7
11827,21
11826,10
11825,7
11824,19
11822,8
11815,8
11821,14
11820,19
11819,12
11818,2
11816,18
11814,2
11813,3
11812,6
11725,11
11724,9
11587,0
11811,10
11780,12
11777,11
11770,3
11810,2
11809,5
11808,8
11807,3
11806,3
11805,9
11804,5
11803,13
11802,3
11801,9
11800,16
11799,13
11798,12
11797,16
11794,4
11796,3
11795,6
11793,4
11790,12
11792,10
11791,5
11789,12
11788,18
11787,9
11786,11
11717,11
11716,10
11785,3
11554,3
11771,7
11783,5
11782,8
11781,9
11779,5
11778,4
11776,10
11775,16
11774,6
11773,4
11772,4
11767,10
11769,9
11768,12
11766,9
11762,17
11761,18
11721,16
11720,11
11754,5
11758,12
11757,13
11551,8
11701,8
11753,8
11737,2
11752,9
11750,16
11749,6
11748,12
11747,3
11746,3
11745,2
11744,13
11743,7
11742,7
11741,5
11739,6
11738,1
11736,20
11699,9
11735,24
11732,12
11731,13
11730,12
11728,7
11729,4
11619,9
11618,8
11723,9
11722,7
11538,3
11665,6
11715,2
11714,0
11712,11
11711,9
11710,11
11709,23
11708,9
11707,9
11706,24
11705,13
11704,19
11703,24
11700,3
11654,10
11698,13
11697,28
11696,1
11695,1
11694,10
11693,8
11692,8
11691,20
11688,16
11689,29
11690,18
11583,6
11582,7
11679,0
11519,2
11666,6
11687,5
11670,9
11686,3
11685,6
11684,6
11683,3
11682,3
11681,13
11678,10
11673,1
11676,9
11674,14
11655,6
11672,5
11671,18
11669,9
11612,8
11611,8
11664,13
11657,2
11459,6
11662,1
11661,5
11660,5
11659,5
11658,5
11656,0
11653,6
11652,6
11651,3
11650,6
11644,1
11564,12
11649,8
11648,6
11647,5
11646,0
11645,5
11643,13
11642,5
11591,14
11589,12
11641,13
11640,3
11634,3
11442,6
11639,5
11638,2
11637,8
11636,2
11635,5
11633,9
11632,6
11631,3
11630,3
11629,8
11628,1
11627,3
11626,6
11625,2
11624,4
11623,3
11622,8
11621,12
11620,8
11613,1
11617,5
11581,5
11615,4
11610,9
11609,8
11608,13
11607,13
11606,4
11605,2
11561,10
11560,10
11604,8
11601,1
11392,2
11603,4
11602,11
11600,8
11599,6
11598,2
11597,7
11596,6
11595,2
11594,2
11593,1
11585,4
11592,11
11550,8
11590,8
11588,8
11586,5
11584,11
11580,4
11579,6
11578,8
11577,8
11575,6
11576,7
11558,9
11559,8
11574,5
11572,5
11374,8
11573,9
11571,11
11570,8
11568,2
11567,3
11566,9
11563,3
11562,9
11557,11
11556,4
11503,8
11555,14
11553,8
11552,9
11546,8
11515,9
11549,6
11548,6
11547,3
11544,12
11526,11
11525,11
11543,9
11542,4
11366,1
11541,9
11540,3
11532,10
11539,12
11537,6
11536,8
11535,7
11534,8
11533,4
11531,9
11482,11
11530,15
11529,4
11528,3
11527,6
11521,10
11520,9
11524,8
11523,12
11518,12
11517,8
11522,5
11354,2
11516,4
11514,9
11513,7
11512,6
11511,9
11483,5
11510,1
11509,13
11507,6
11506,6
11505,1
11504,6
11501,7
11500,9
11502,7
11349,7
11499,15
11498,6
11497,12
11496,2
11495,8
11494,6
11492,9
11491,5
11490,8
11489,15
11443,2
11488,9
11487,17
11486,7
11485,7
11484,16
11481,3
11480,5
11479,9
11478,14
11477,8
11472,8
11476,5
11475,4
11474,5
11320,7
11473,16
11471,13
11470,7
11469,11
11468,5
11467,10
11466,9
11465,7
11464,7
11463,17
11462,5
11461,5
11460,8
11458,5
11391,12
11457,11
11456,11
11455,8
11454,6
11453,14
11452,11
11451,12
11449,11
11448,5
11447,10
11317,9
11446,7
11445,13
11444,10
11377,8
11441,21
11415,7
11440,17
11439,3
11438,1
11437,10
11436,5
11435,7
11434,7
11433,7
11432,11
11431,3
11311,4
11428,14
11427,7
11426,7
11425,10
11424,7
11423,5
11422,2
11421,1
11420,4
11419,12
11371,12
11418,9
11409,23
11417,12
11416,5
11414,6
11413,9
11412,3
11411,9
11410,14
11306,8
11407,13
11406,5
11405,7
11404,3
11403,5
11402,12
11401,9
11400,7
11399,18
11398,1
11334,7
11397,10
11396,8
11395,16
11394,7
11393,2
11231,12
11390,8
11389,8
11388,11
11373,13
11387,8
11386,5
11214,3
11385,13
11384,9
11383,2
11382,10
11381,6
11380,9
11379,12
11378,9
11376,7
11267,13
11375,3
11193,15
11369,10
11372,17
11370,5
11332,7
11368,23
11367,3
11205,2
11365,11
11364,13
11363,9
11362,9
11361,5
11360,9
11359,5
11357,1
11356,10
11355,11
11268,5
11353,13
11352,8
11351,6
11350,4
11190,2
11333,6
11348,7
11347,6
11346,7
11345,12
11344,10
11343,6
11342,6
11341,11
11340,5
11339,5
11278,10
11338,12
11336,2
11335,14
11331,8
11330,5
11329,8
11327,30
11328,13
11178,8
11293,8
11326,10
11325,10
11324,6
11323,14
11322,12
11321,5
11319,11
11318,1
11316,7
11315,12
11313,6
11310,6
11309,5
11308,5
11307,4
11275,10
11305,8
11304,14
11303,16
11302,12
11301,12
11300,8
11299,4
11298,10
11297,10
11260,10
11295,19
11294,13
11292,15
11156,2
11269,6
11291,14
11290,8
11289,10
11288,5
11282,12
11287,7
11286,4
11285,7
11284,9
11283,9
11281,7
11279,7
11251,6
11276,1
11274,4
11272,3
11271,13
11270,2
11153,9
11243,15
11266,15
11265,26
11264,4
11263,12
11150,4
11262,17
11259,10
11258,13
11257,10
11256,13
11255,2
11254,6
11253,5
11252,8
11249,13
11200,10
11248,8
11247,13
11246,13
11242,23
11145,5
11241,3
11225,8
11240,15
11239,18
11238,7
11237,9
11236,5
11235,9
11234,9
11233,6
11232,3
11198,7
11230,8
11229,6
11228,14
11227,11
11141,8
11224,2
11223,5
11222,17
11195,12
11221,13
11220,10
11219,18
11218,11
11217,18
11216,11
11210,17
11215,16
11213,4
11212,5
11211,1
11127,2
11209,11
11201,13
11208,6
11207,7
11206,2
11204,5
11189,9
11203,3
11202,6
11197,1
11196,15
11194,8
11191,1
11125,10
11188,4
11187,10
11186,14
11185,9
11184,2
11183,6
11182,10
11181,1
11180,7
11179,2
11176,7
11177,4
11175,20
11174,9
11173,8
11122,4
11170,21
11172,19
11171,8
11169,3
11168,7
11167,10
11166,10
11165,8
11163,10
11149,6
11164,5
11162,10
11160,5
11117,6
11158,10
11159,14
11157,5
11146,11
11155,6
11154,20
11152,9
11151,16
11144,13
11148,18
11147,12
11105,7
11143,18
11142,12
11140,33
11139,17
11138,9
11137,8
11136,8
11135,14
11134,10
11133,13
11132,20
11093,15
11098,6
10788,5
11131,9
11130,18
11129,7
11116,11
11128,2
11126,11
11124,14
11123,8
11083,4
11121,19
11120,12
11119,12
11118,8
11114,16
11115,11
11113,13
11112,16
11111,8
11110,10
11063,5
11109,14
11108,10
11107,7
11004,6
11005,7
11006,7
11106,15
11104,37
11103,5
11102,5
11101,22
11100,13
11099,11
11092,15
11057,2
11097,13
11096,9
11095,15
11091,9
11090,6
11089,9
11088,1
11087,5
11086,1
11085,13
11084,13
11040,5
11082,10
11081,2
11077,9
11080,1
11079,6
11078,5
11076,8
11075,8
11074,4
11073,6
11072,9
11026,5
11071,12
11070,2
11069,4
11068,13
11067,9
11066,2
11065,4
11043,8
11064,14
11062,4
11061,11
11059,5
11060,10
11058,18
11024,9
11056,5
11055,11
11054,8
11053,10
11052,13
11051,5
11049,16
11048,6
11023,9
10950,18
11047,4
11046,4
11045,4
11044,6
11042,15
11041,4
11039,21
11038,4
11037,16
11036,10
10998,5
11035,11
11034,4
10786,11
11033,13
11032,9
11031,15
11030,9
11029,16
11028,10
11025,20
11022,14
11021,16
11019,11
11018,12
11017,6
10975,7
11016,18
11015,5
11014,3
11013,11
11012,15
11011,7
11010,5
11008,17
11007,6
10994,13
10991,11
11003,1
10993,14
11002,1
11001,4
11000,1
10999,8
10997,9
10996,18
10995,1
10992,13
10990,7
10989,8
10970,14
10972,6
10988,4
10987,6
10986,13
10985,3
10984,12
10983,16
10982,13
10981,4
10980,6
10979,12
10978,1
10977,1
10976,7
10974,3
10973,4
10969,8
10971,1
10921,3
10968,9
10967,27
10948,15
10966,2
10965,9
10964,5
10963,7
10962,15
10961,5
10960,13
10959,4
10958,16
10957,1
10956,24
10955,5
10954,6
10953,10
10952,10
10947,11
10951,7
10949,15
10920,19
10946,11
10945,2
10944,5
10943,8
10942,9
10941,10
10940,3
10939,2
10938,5
10925,12
10926,14
10937,15
10936,2
10935,10
10913,9
10934,8
10933,2
10932,10
10931,8
10930,11
10929,6
10927,5
10906,8
10923,15
10922,13
10919,3
10918,4
10917,10
10916,5
10915,4
10914,13
10898,22
10902,14
10912,8
10911,2
10910,6
10909,8
10908,15
10907,6
10905,12
10901,5
10904,14
10903,1
10876,12
10899,11
10900,5
10897,25
10896,4
10892,8
10895,8
10894,13
10893,1
10891,7
10890,16
10802,12
10889,15
10888,4
10887,16
10886,14
10885,6
10884,8
10883,5
10882,4
10881,12
10880,4
10878,2
10877,12
10763,21
10872,8
10871,10
10870,1
10863,9
10869,29
10868,12
10867,15
10866,2
10865,12
10862,5
10800,4
10864,14
10861,10
10860,8
10859,15
10858,9
10857,4
10856,9
10855,9
10849,15
10854,11
10853,8
10852,9
10851,7
10850,1
10796,3
10848,17
10847,20
10846,10
10845,13
10844,4
10843,16
10842,5
10841,13
10840,5
10838,9
10750,12
10837,13
10836,4
10770,10
10835,17
10764,16
10834,6
10833,10
10832,24
10831,7
10830,12
10829,4
10828,3
10827,5
10826,6
10825,1
10824,4
10822,9
10821,4
10803,8
10820,1
10819,10
10818,8
10817,5
10816,7
10815,1
10814,9
10813,12
10812,15
10744,10
10779,8
10811,11
10810,2
10809,10
10808,5
10807,7
10806,15
10805,7
10804,6
10801,11
10799,16
10798,9
10797,2
10793,13
10795,27
10794,9
10728,12
10790,21
10778,8
10791,9
10789,1
10787,16
10785,15
10784,17
10783,3
10782,7
10781,7
10777,2
10718,5
10776,7
10775,9
10774,16
10773,15
10772,2
10771,10
10769,3
10767,22
10766,18
10765,19
10761,4
10760,6
10759,5
10758,6
10757,15
10691,15
10756,9
10755,6
10754,5
10753,12
10752,6
10751,8
10748,15
10747,6
10746,12
10745,2
10743,13
10742,7
10741,2
10740,11
10738,6
10737,11
10736,11
10734,9
10733,13
10732,9
10731,4
10730,9
10445,16
10729,7
10682,12
10727,9
10726,4
10725,7
10724,12
10723,7
10722,19
10721,1
10720,1
10719,3
10717,12
10716,4
10701,9
10715,11
10714,5
10713,4
10712,3
10711,5
10710,3
10709,3
10708,19
10677,1
10707,10
10706,31
10705,13
10704,5
10703,8
10702,4
10700,5
10664,11
10698,25
10665,11
10697,5
10696,5
10695,8
10694,9
10689,11
10693,25
10692,2
10687,2
10690,15
10320,3
10688,7
10663,13
10685,2
10684,11
10620,14
10681,17
10680,5
10679,16
10678,4
10661,4
10676,15
10675,4
10674,7
10673,16
10672,4
10671,7
10670,12
10669,6
10668,5
10662,17
10667,9
10666,16
10660,17
10612,14
10659,18
10658,14
10657,12
10656,11
10655,15
10654,10
10653,13
10652,10
10651,20
10650,14
10649,7
10648,4
10647,2
10644,18
10646,2
10645,5
10643,11
10642,7
10641,15
10640,7
10639,5
10638,1
10637,2
10636,2
10635,2
10634,2
10585,12
10633,22
10423,9
10632,15
10631,6
10630,7
10629,10
10628,9
10626,3
10625,2
10624,4
10623,12
10622,12
10605,11
10621,11
10619,13
10618,3
10615,16
10614,3
10617,10
10616,17
10613,12
10570,11
10611,6
10610,13
10609,13
10608,9
10607,13
10606,2
10603,10
10600,10
10602,8
10601,17
10599,2
10598,15
10542,12
10596,9
10595,9
10594,9
10593,8
10592,17
10591,9
10590,5
10589,5
10588,15
10587,21
10586,26
10354,7
10531,9
10584,16
10583,13
10582,12
10581,12
10580,16
10579,6
10578,12
10577,3
10576,13
10575,5
10573,17
10572,6
10569,9
10571,12
10498,15
10568,17
10567,10
10566,8
10565,9
10564,13
10563,9
10562,23
10561,9
10560,11
10559,15
10558,27
10557,9
10556,8
10543,8
10555,20
10554,14
10553,14
10490,15
10552,20
10540,17
10551,5
10550,9
10549,11
10548,5
10547,11
10546,10
10545,12
10544,7
10541,8
10539,4
10538,6
10537,8
10534,15
10536,6
10535,4
10532,4
10488,15
10530,7
10529,8
10441,13
10528,17
10527,17
10526,14
10525,15
10524,11
10523,14
10522,14
10521,9
10520,18
10515,6
10519,19
10518,13
10483,5
10517,18
10516,4
10514,13
10513,18
10512,14
10511,2
10510,5
10509,12
10508,16
10507,12
10506,19
10505,12
10504,7
10503,7
10502,17
10497,4
10501,10
10482,10
10500,14
10499,10
10496,16
10495,8
10494,4
10485,16
10493,19
10492,23
10491,15
10487,14
10479,10
10453,21
10473,22
10486,15
10484,10
10448,14
10464,3
10481,12
10480,5
10478,31
10477,2
10476,5
10475,4
10474,13
10472,9
10471,30
10470,10
10469,11
10468,2
10447,8
10467,17
10449,10
10466,7
10465,14
10463,4
10458,5
10461,10
10460,8
10459,17
10457,10
10408,11
10456,2
10420,6
10455,2
10454,2
10452,3
10450,20
10407,5
10436,13
10446,10
10387,14
10444,16
10443,15
10442,13
10440,16
10439,28
10438,28
10437,22
10435,8
10396,12
10434,8
10433,10
10432,4
10378,15
10431,14
10410,6
10430,24
10429,18
10428,12
10427,10
10426,7
10395,4
10425,18
10424,4
10367,6
10422,12
10421,4
10419,13
10418,15
10417,8
10416,4
10393,11
10415,20
10414,22
10350,16
10413,8
10412,23
10411,8
10404,6
10406,7
10405,17
10403,6
10402,7
10401,3
10400,14
10392,6
10333,16
10399,10
10398,3
10397,13
10388,24
10394,16
10391,11
10390,9
10389,3
10327,1
10385,20
10386,8
10384,1
10383,21
10382,4
10381,17
10380,7
10379,8
10324,12
10377,3
10376,15
10375,24
10374,4
10373,19
10372,24
10371,10
10370,30
10369,4
10305,10
10303,14
10368,11
10366,6
10365,9
10364,17
10363,15
10362,10
10359,13
10361,12
10360,6
10358,13
10357,8
10356,7
10355,6
10304,4
10353,13
10352,4
10351,8
10299,13
10307,9
10349,12
10348,10
10347,6
10346,8
10345,17
10344,6
10343,6
10342,14
10341,12
10340,9
10339,5
10338,6
10302,2
10337,23
10336,14
10335,9
10334,5
10281,3
10332,9
10331,3
10330,7
10329,10
10328,10
10323,8
10322,7
10253,9
10262,4
10319,3
10318,9
10317,10
10315,3
10314,3
10313,1
10312,4
10311,2
10310,15
10309,2
10251,10
10306,5
10258,15
10045,11
10301,2
10300,10
10298,21
10244,13
10256,12
10297,5
10296,5
10295,7
10294,3
10293,19
10291,21
10292,12
10290,12
10289,7
10288,8
10237,6
10245,15
10287,10
10286,12
10285,26
10233,9
10284,19
10229,6
10283,25
10282,7
10280,12
10279,3
10278,6
10277,12
10276,20
10259,11
10275,10
10274,16
10273,2
10272,15
10271,9
10270,11
10269,6
10268,11
10267,5
10266,4
10265,6
10232,6
10264,8
10263,10
10261,16
10216,6
10260,6
10257,17
10255,8
10254,1
10243,8
10252,28
10250,14
10248,5
10247,17
10246,7
10240,11
10242,24
10241,5
10239,13
10236,13
10231,7
10230,10
10228,8
10196,10
10227,3
10226,15
10225,5
10224,17
10223,4
10221,10
10220,10
10219,13
10218,5
10217,14
10200,10
10215,6
10144,5
10208,18
10214,0
10213,13
10212,11
10211,12
10210,6
10209,5
10207,10
10206,10
10205,12
10204,1
10203,12
10202,16
10201,10
9871,6
10140,4
10199,9
10198,14
10197,1
10188,9
10195,11
10194,8
10193,19
10191,8
10190,5
10189,3
10187,20
10186,5
9756,2
10132,4
10185,5
10184,17
10183,10
10182,10
10181,12
10180,1
10179,4
10178,3
10177,3
10176,3
10175,4
10174,6
10173,12
10172,4
9981,12
9382,2
10171,6
10170,17
10169,10
10111,10
10168,9
10165,13
10167,11
10164,6
10166,17
10109,8
10163,14
10162,12
10161,15
10160,13
10159,13
10158,8
10157,4
10156,3
10155,13
10154,13
10153,2
10152,3
10151,20
10150,16
10148,10
10146,23
10145,16
10143,10
10142,15
10141,15
10108,14
10139,15
10138,7
10137,17
10136,19
10135,6
10134,8
10133,9
10131,19
10129,9
10128,4
10127,9
10126,15
10083,13
10125,25
10107,22
10124,14
10123,6
10122,26
10121,18
10110,18
10120,15
10119,12
10118,2
10117,13
10116,15
10115,2
10114,1
10113,1
10112,9
10096,1
10074,12
10104,34
10103,8
10102,7
10101,6
10100,17
10099,11
10098,3
10097,7
10095,9
10093,18
10094,0
10092,6
10027,13
10091,15
10089,16
10088,6
10087,8
10086,9
10085,8
10084,13
10054,26
10022,8
10082,21
10081,11
10080,11
10079,5
10077,5
10076,12
10075,6
10073,19
10072,15
10071,6
9383,12
10070,7
10069,10
9996,7
10067,9
10066,4
10065,9
10064,2
10063,1
10062,10
10061,5
10060,12
10059,4
10058,2
10057,3
10056,11
9954,5
10053,12
10052,5
10051,6
10050,22
10047,2
10046,3
10044,6
10042,13
10041,15
10040,5
10039,4
10038,6
10037,14
10036,4
9946,8
10035,5
10034,5
10033,1
10029,20
10032,9
10030,7
10026,8
10025,3
10024,7
10023,2
10021,12
10020,3
10019,8
10018,18
9979,18
9379,4
9932,3
10015,3
10017,7
10016,10
10014,22
10012,12
10011,13
10008,10
10010,10
10009,5
9872,8
10007,7
10006,3
9999,12
10005,2
10004,4
10003,10
10002,3
10001,1
10000,3
9997,12
9315,9
9995,1
9994,5
9928,15
9992,3
9991,7
9990,8
9989,19
9988,1
9987,13
9985,6
9984,21
9983,10
9980,4
9977,12
9938,17
9314,8
9927,5
9975,8
9968,12
9969,3
9974,20
9973,10
9972,11
9971,14
9970,4
9967,7
9965,12
9964,11
9963,3
9962,8
9961,8
9960,9
9959,7
9308,8
9958,11
9920,8
9957,5
9955,11
9953,1
9951,4
9950,20
9949,25
9948,17
9937,25
9947,1
9945,4
9942,7
9944,0
9943,27
9313,5
9901,1
9940,14
9936,22
9935,3
9934,10
9925,12
9933,1
9929,12
9931,14
9930,8
9312,5
9893,3
9924,6
9923,14
9921,11
9919,12
9918,14
9917,7
9916,18
9915,19
9914,5
9913,3
9912,2
9911,13
9910,15
9908,15
9909,18
9907,8
9906,6
9310,5
9878,3
9905,11
9904,11
9903,3
9902,2
9898,15
9900,0
9897,15
9899,9
9896,8
9895,13
9894,16
9309,3
9876,16
9892,25
9891,6
9890,19
9889,23
9888,15
9886,5
9885,4
9884,3
9883,3
9882,8
9307,7
9870,11
9881,1
9880,1
9879,11
9877,12
9875,4
9874,2
9873,24
9305,7
9861,9
9869,8
9868,3
9719,4
9867,12
9866,10
9862,17
9865,3
9863,12
9864,3
9299,4
9835,3
9851,9
9718,20
9858,10
9860,8
9859,5
9857,10
9856,6
9855,6
9854,4
9853,15
9850,10
9852,15
9849,5
9848,8
9295,6
9813,10
9847,8
9846,18
9845,6
9802,5
9844,16
9843,13
9842,1
9841,4
9840,15
9839,6
9838,4
9837,1
9836,4
9294,5
9781,9
9834,7
9794,16
9833,12
9832,5
9831,13
9830,11
9829,4
9828,10
9827,6
9826,14
9825,2
9824,19
9823,3
9822,6
9282,3
9821,12
9763,6
9820,4
9819,10
9793,8
9818,5
9816,6
9817,3
9815,3
9814,16
9293,9
9812,5
9758,8
9811,17
9803,21
9810,14
9809,9
9808,11
9736,11
9807,4
9806,0
9805,1
9804,6
9783,11
9283,6
9755,1
9801,18
9790,13
9800,3
9799,3
9797,19
9798,2
9795,18
9280,7
9753,13
9792,26
9791,6
9789,20
9787,3
9765,8
9786,14
9785,15
9784,1
9782,5
9780,3
9779,3
9270,8
9721,15
9778,3
9777,5
9776,6
9775,10
9774,16
9773,25
9764,21
9766,14
9772,5
9769,12
9771,5
9770,6
9768,1
9767,13
9257,9
9714,13
9762,3
9761,8
9729,24
9760,5
9759,4
9757,11
9751,5
9754,2
9750,3
9748,18
9747,14
9746,16
9252,19
9745,14
9653,12
9744,12
9742,16
9709,7
9710,12
9741,6
9740,19
9739,4
9738,9
9737,16
9733,11
9735,1
9734,4
9732,1
9730,13
9728,5
9727,9
9726,11
9725,9
9724,13
9723,11
9247,7
9722,8
9641,10
9717,9
9716,5
9715,7
9713,10
9712,17
9711,12
9708,13
9707,11
9706,2
9705,14
9704,8
9246,11
9703,15
9702,3
9611,4
9701,2
9691,25
9700,10
9699,13
9698,1
9697,23
9695,14
9696,14
9694,2
9693,16
9245,16
9692,12
9608,12
9690,3
9688,13
9687,17
9686,13
9685,1
9673,14
9684,7
9683,15
9682,5
9670,14
9672,13
9681,13
9680,10
9679,15
9678,16
9677,6
9676,9
9675,11
9674,7
9671,6
9669,13
9244,5
9668,7
9599,11
9667,8
9666,7
9665,7
9664,11
9623,10
9662,6
9661,5
9660,12
9657,10
9659,14
9658,12
9654,21
9243,9
9635,9
9652,11
9580,12
9651,14
9650,2
9649,10
9622,5
9648,3
9647,0
9646,0
9645,7
9643,26
9644,12
9636,8
9642,13
9640,17
9639,13
9638,13
9637,17
9634,9
9241,7
9619,18
9575,12
9633,4
9632,8
9631,9
9630,9
9629,9
9628,3
9626,9
9614,20
9625,13
9624,14
9621,3
9620,8
9616,14
9618,4
9617,14
9613,5
9584,10
9612,19
9238,2
9567,7
9610,13
9609,1
9371,12
9607,13
9606,18
9605,3
9604,13
9587,7
9600,8
9603,16
9602,2
9598,6
9597,1
9595,13
9594,11
9593,3
9571,14
9589,9
9592,7
9591,11
9237,13
9566,10
9590,7
9588,9
9586,9
9585,7
9553,11
9583,11
9419,11
9581,4
9579,8
9574,20
9578,17
9577,19
9576,11
9570,15
9569,24
9568,23
9486,8
9234,8
9565,4
9564,8
9476,9
9563,5
9562,5
9561,18
9560,8
9547,7
9559,11
9558,6
9557,9
9556,16
9555,11
9554,11
9552,12
9551,15
9550,5
9549,9
9548,5
9546,11
9545,11
9223,11
9401,9
9544,15
9466,7
9542,4
9541,1
9540,10
9539,5
9489,7
9538,9
9537,3
9536,1
9534,9
9535,6
9533,7
9532,2
9531,6
9530,11
9529,3
9487,8
9184,3
9528,4
9527,9
9435,6
9525,7
9394,4
9524,9
9523,6
9522,15
9521,2
9520,9
9519,17
9515,10
9518,16
9517,14
9516,14
9514,8
9513,9
9512,11
9511,20
9172,13
9510,12
9509,10
9508,17
9507,8
9423,11
9506,1
9505,11
9504,4
9503,10
9502,3
9438,10
9500,6
9499,11
9498,14
9417,7
9497,5
9496,15
9495,6
9494,7
9493,16
9492,3
9491,2
9482,19
9485,12
9163,6
9490,8
9404,14
9488,14
9366,12
8445,3
9484,4
9480,15
9483,8
9481,3
9479,14
9475,4
9474,2
9478,5
9477,3
9395,7
9168,6
9380,4
9473,17
9472,4
9471,3
9470,7
9469,11
9468,11
9467,10
9348,12
9465,4
9464,12
9463,12
9462,13
9461,8
9427,7
9460,3
9459,4
9458,4
9457,2
9456,1
9455,4
9454,3
9453,2
9452,2
9451,3
9450,2
9449,6
9448,8
9447,16
9446,4
9445,13
9444,11
9443,17
9442,5
9441,11
9440,11
9439,5
9437,10
9436,13
9434,5
9433,2
9363,6
9166,11
9365,7
9346,4
9431,9
9430,5
9429,10
9428,17
9426,1
9425,14
9424,11
9422,19
9421,12
9420,10
9418,4
9327,21
9165,6
9416,17
9311,13
9415,10
9413,21
9240,20
9412,12
9411,7
9409,7
9408,3
9384,7
9407,1
9406,8
9405,5
9403,9
9402,5
9400,12
9399,11
9398,10
9393,5
9370,5
9162,6
9397,13
9396,8
9298,13
9391,20
9390,13
9387,6
9386,4
9385,6
9345,10
9378,6
9381,3
9351,18
9376,9
9375,8
9374,9
9373,4
9368,24
9367,11
9285,10
9161,8
9279,16
9364,12
9362,5
9277,12
9361,20
9360,8
9359,9
9358,7
9353,8
9357,3
9356,7
9355,4
9352,10
9350,10
9349,13
9287,3
9158,9
9347,6
9271,7
9344,17
9342,7
9341,7
9340,9
9339,12
9260,6
9338,12
9337,6
9336,4
9335,7
9273,10
9334,14
9333,15
9329,6
9332,4
9331,11
9330,10
9326,20
9325,9
9324,11
9323,6
9276,4
9157,6
9322,6
9321,12
9253,11
9320,9
9317,6
9319,10
9318,7
9316,11
9292,3
9306,17
9304,8
9303,5
9296,23
9302,7
9301,10
9300,9
9297,4
9291,13
9289,17
9288,8
9268,11
9156,8
9286,12
9226,17
9281,16
9275,11
9274,9
9236,9
9272,11
9263,9
9267,18
9266,7
9265,13
9264,11
9262,8
9261,6
9155,7
9199,11
9225,12
9258,14
9259,7
9256,8
9255,5
9254,12
9207,10
9251,7
9250,3
9160,11
9248,11
9249,9
9242,8
9239,24
9233,6
9154,6
9171,8
9140,5
9232,2
9231,29
9151,9
9230,21
9229,12
9228,11
9227,37
9134,14
9217,8
9224,5
9222,2
9221,2
9220,4
9219,4
9218,7
9216,5
9215,6
9214,12
9213,11
9212,11
9211,1
9210,18
9148,6
9153,7
9209,12
9208,12
9206,1
9133,10
9205,2
9204,2
9203,0
9202,0
9201,0
9200,0
9198,5
9197,9
9196,2
9195,1
9194,2
9193,1
9192,1
9191,1
9190,7
9189,2
9188,2
9187,5
9186,2
9185,3
9183,6
9181,1
9180,3
9179,4
9178,8
9177,7
9175,1
9174,1
9147,8
9170,11
9169,9
9167,11
9116,6
9159,10
9152,9
9150,6
9149,16
9144,6
9146,6
9108,5
9143,12
9141,7
9131,10
9139,8
9138,13
9135,4
9102,9
9127,5
9132,14
9129,11
9128,24
9126,9
9125,2
9124,18
9123,12
9122,15
9121,6
9120,1
9119,11
9118,13
9117,9
9089,8
9115,1
9114,10
9113,5
9112,16
9111,1
9110,16
9084,11
9029,11
9109,6
9104,20
9107,10
9106,13
9105,12
9103,14
9101,2
9100,13
9099,15
9098,5
9057,22
9097,13
9095,2
9094,5
9093,2
9092,17
9091,13
9090,12
9048,8
9086,16
9088,3
9087,3
9078,8
9085,9
9083,8
9082,3
9001,5
9081,7
9080,10
9079,15
9077,5
9075,25
9074,3
9071,10
9072,12
9070,13
9069,16
9068,0
9067,4
8996,9
9066,21
8985,6
9065,3
9064,8
9063,7
9062,9
9060,2
9059,1
9058,9
9056,3
9055,13
9054,10
8986,7
9053,11
9052,9
9051,17
9050,7
9049,9
9047,4
9046,24
8975,11
9031,14
9045,4
9044,18
9043,9
9042,12
9041,10
9040,10
9039,14
9038,7
9037,16
9036,16
9035,8
9034,13
9033,5
9032,5
8999,12
9030,6
9028,10
9027,9
8969,9
9014,15
9026,3
9025,5
9024,11
9023,5
9022,8
9021,8
9020,9
9019,2
9018,7
9017,7
9016,10
9015,6
9013,6
9012,6
9011,6
9010,7
9009,12
9008,1
9007,7
9006,3
9005,13
9004,12
8967,13
9003,2
8998,8
9002,5
9000,6
8997,12
8995,9
8994,6
8993,13
8992,9
8991,9
8990,9
8989,9
8988,3
8987,8
8954,13
8984,7
8983,10
8982,4
8981,22
8980,13
8979,6
8978,6
8977,11
8943,7
8976,7
8974,9
8973,5
8972,11
8971,6
8970,6
8968,12
8940,8
8966,15
8965,18
8964,16
8963,11
8925,13
8931,11
8962,1
8961,0
8960,7
8959,11
8958,9
8957,1
8956,5
8955,5
8906,11
8953,6
8952,4
8951,7
8950,24
8949,1
8948,10
8947,7
8946,4
8945,9
8942,13
8941,2
8869,9
8939,10
8938,7
8937,10
8919,10
8936,13
8935,2
8934,10
8933,8
8932,8
8930,12
8928,6
8927,9
8926,3
8870,14
8921,6
8924,8
8922,2
8920,8
8918,27
8868,5
8917,12
8916,14
8908,9
8915,7
8914,12
8913,8
8912,4
8911,11
8910,13
8909,11
8907,11
8905,16
8904,4
8903,12
8902,10
8901,5
8900,5
8899,7
8846,10
8898,13
8897,6
8896,6
8895,12
8894,19
8893,2
8837,5
8801,8
8892,19
8891,21
8890,12
8889,9
8888,12
8887,7
8886,12
8885,6
8883,15
8882,11
8881,5
8880,13
8878,2
8877,12
8876,17
8875,6
8874,10
8873,24
8872,6
8871,18
8835,10
8867,1
8866,12
8865,10
8864,8
8863,5
8862,8
8861,12
8787,18
8800,16
8860,10
8859,13
8858,16
8857,9
8856,10
8855,5
8854,9
8853,15
8852,5
8851,12
8850,4
8849,6
8767,12
8848,11
8847,7
8845,8
8844,10
8763,5
8799,7
8843,9
8827,23
8842,7
8841,6
8840,1
8839,8
8838,8
8836,6
8834,21
8759,8
8833,6
8832,4
8830,9
8829,4
8828,19
8826,3
8825,0
8750,8
8798,9
8824,5
8823,1
8822,4
8821,12
8820,4
8819,7
8818,3
8815,10
8817,6
8816,7
8748,7
8814,14
8813,14
8746,15
8811,7
8784,12
8810,14
8809,6
8808,8
8807,9
8806,3
8805,3
8804,0
8802,17
8797,6
8796,7
8795,10
8794,13
8793,8
8781,27
8792,4
8791,15
8790,6
8737,7
8789,3
8788,22
8786,4
8785,11
8783,7
8782,6
8780,17
8779,8
8778,9
8777,8
8717,8
8776,14
8753,4
8775,9
8774,6
8773,13
8772,18
8770,7
8768,9
8766,15
8765,9
8701,3
8764,10
8761,13
8762,17
8681,10
8754,15
8760,22
8758,15
8757,18
8756,12
8755,13
8752,8
8751,16
8639,12
8749,15
8747,16
8620,8
8736,7
8745,14
8744,14
8743,15
8742,16
8741,8
8740,3
8739,5
8738,6
8610,11
8735,0
8734,14
8733,7
8732,10
8731,11
8730,4
8729,15
8728,5
8578,0
8727,6
8726,7
8723,13
8715,12
8725,12
8724,8
8722,11
8721,9
8720,2
8719,18
8718,3
8576,20
8716,8
8714,12
8713,12
8712,10
8561,11
8707,7
8380,15
8711,1
8710,20
8709,2
8700,4
8708,5
8705,9
8703,3
8698,3
8580,4
8697,7
8696,9
8695,6
8694,2
8693,6
8692,7
8691,1
8558,7
8690,7
8680,5
8689,0
8688,0
8687,5
8686,4
8685,2
8684,21
8683,5
8682,8
8679,9
8678,7
8677,7
8675,7
8673,13
8672,13
8671,12
8670,6
8669,9
8668,8
8667,9
8551,5
8666,5
8665,10
8664,4
8663,4
8662,4
8661,16
8660,4
8659,10
8658,15
8657,12
8656,15
8550,10
8637,9
8655,9
8654,12
8653,7
8652,9
8651,6
8650,9
8649,14
8648,4
8647,10
8646,10
8645,8
8644,13
8643,6
8642,7
8641,3
8640,10
8638,11
8529,3
8636,26
8635,6
8633,21
8632,10
8631,19
8630,10
8629,14
8628,4
8627,12
8626,18
8625,6
8524,9
8624,16
8619,7
8621,11
8622,16
8618,1
8617,1
8616,4
8615,13
8614,12
8613,12
8612,9
8611,8
8609,5
8608,6
8607,21
8606,14
8605,9
8604,8
8603,5
8602,5
8601,6
8600,6
8599,8
8598,6
8597,4
8596,6
8595,4
8594,7
8593,12
8589,4
8560,18
8592,1
8591,3
8590,3
8588,5
8587,15
8586,3
8585,3
8584,8
8581,8
8583,23
8582,17
8579,14
8577,4
8575,16
8518,9
8563,12
8574,15
8573,14
8572,11
8571,10
8570,16
8569,20
8568,20
8567,26
8566,19
8565,10
8564,22
8562,20
8559,9
8515,6
8557,7
8555,18
8554,16
8553,5
8552,9
8514,10
8549,16
8530,12
8548,2
8547,9
8546,6
8545,7
8544,13
8543,16
8542,7
8541,9
8538,10
8537,8
8536,7
8535,5
8534,7
8531,10
8486,8
8533,4
8532,13
8474,5
8522,10
8528,5
8527,11
8526,3
8525,10
8523,14
8521,11
8520,16
8420,10
8517,13
8516,14
8513,14
8512,1
8511,4
8510,12
8509,8
8508,4
8405,9
8485,35
8507,2
8506,2
8505,1
8502,2
8500,6
8494,6
8492,8
8498,7
8491,10
8493,8
8497,6
8496,14
8495,15
8490,8
8489,11
8488,13
8487,11
8397,10
8484,2
8482,9
8389,10
8466,14
8480,8
8478,8
8477,3
8476,9
8475,5
8473,2
8472,8
8471,10
8470,8
8469,8
8468,15
8467,13
8465,12
8464,8
8368,8
8463,13
8462,15
8461,9
8460,2
8459,2
8363,17
8446,14
8458,12
8457,5
8456,2
8454,6
8455,7
8453,17
8452,13
8451,22
8450,6
8449,6
8448,9
8447,9
8441,11
8358,12
8444,7
8443,7
8442,11
8440,20
8296,7
8437,8
8428,8
8436,3
8435,7
8434,15
8433,11
8432,3
8431,4
8430,6
8429,11
8427,3
8426,8
8425,12
8424,9
8423,10
8422,6
8421,15
8260,8
8419,3
8418,4
8417,15
8416,15
8415,11
8414,13
8413,10
8412,12
8411,4
8251,10
8301,9
8410,4
8409,1
8408,13
8407,6
8406,16
8404,16
8403,7
8378,15
8238,9
8402,17
8401,14
8400,16
8399,2
8398,10
8396,8
8395,7
8394,11
8393,6
8392,14
8391,18
8390,15
8236,5
8387,5
8388,10
8386,3
8385,6
8384,10
8383,10
8382,10
8381,13
8379,10
8377,8
8376,10
8233,10
8375,12
8374,24
8373,16
8372,8
8371,11
8370,7
8369,7
8367,3
8366,11
8231,7
8241,10
8365,8
8364,12
8361,3
8360,12
8359,7
8350,9
8357,1
8356,7
8219,7
8352,7
8318,13
8351,16
8349,8
8348,6
8347,6
8346,11
8345,10
8344,7
8343,11
8342,9
8341,3
8340,17
8337,12
8336,12
8335,10
8311,9
8334,3
8333,8
8329,9
8332,10
8331,8
8330,6
8328,7
8327,5
8326,10
8325,4
8324,9
8323,2
8322,7
8320,1
8319,7
8317,2
8316,20
8315,6
8166,15
8206,12
8314,15
8270,9
8313,6
8312,15
8310,14
8309,10
8308,5
8307,11
8306,9
8305,0
8304,3
8303,3
8302,10
8149,5
8209,7
8300,4
8299,7
8298,11
8297,10
8295,9
8294,2
8293,15
8269,12
8292,14
8291,7
8124,4
8290,9
8289,14
8288,10
8287,3
8286,3
8285,26
8284,9
8283,15
8282,3
8075,13
8267,9
8281,13
8279,12
8278,5
8277,3
8276,16
8275,12
8274,9
8273,6
8272,0
8271,14
8268,11
8266,8
8265,11
8264,13
8263,8
8262,6
8261,14
8240,10
8259,10
8258,4
8257,11
8256,10
8074,8
8255,5
8239,15
8254,6
8253,14
8252,11
8250,5
8249,6
8248,11
8247,8
8246,5
8245,4
8244,2
8243,3
8242,2
8065,2
8190,8
8235,5
8234,12
8232,7
8189,9
8230,9
8049,13
8229,6
8228,5
8227,7
8226,9
8191,11
8225,6
8224,4
8223,4
8222,12
8221,1
8220,4
8218,7
8217,8
8216,9
8214,4
8213,3
8212,6
8211,7
8044,13
8210,1
8194,12
8208,4
8205,11
8204,16
8203,4
8202,12
8201,2
8200,0
8199,3
8198,17
8197,3
8196,4
8195,19
8193,11
8192,15
8188,12
8154,6
8187,16
8186,2
8185,3
8184,5
8009,6
8183,8
8182,12
8181,1
8180,10
8141,12
8179,4
8178,3
8177,3
8176,13
8175,10
8174,11
8173,3
8172,12
8171,2
8170,6
8169,7
8168,7
8167,12
7987,14
8139,6
8165,10
8164,8
8163,12
8162,7
8160,1
8159,4
8158,4
8157,6
8156,5
8155,10
8153,8
8152,20
8151,26
8150,8
8148,5
8147,6
8146,10
8116,6
8145,18
7980,5
8121,12
8144,6
8143,11
8142,17
8140,18
8137,8
8136,3
8135,4
8134,2
8133,1
8132,1
8131,12
8130,5
8129,4
7974,12
8128,3
8127,2
8095,9
8126,3
8125,9
8123,1
8122,10
8120,3
8117,13
8118,10
8077,7
8115,12
8114,4
7973,5
8113,4
8111,20
8110,11
8109,3
8108,2
8107,4
8106,2
8105,3
8104,2
8103,3
8102,4
8101,4
8100,6
8098,13
8099,4
8097,10
8096,15
8093,14
8092,13
7935,8
8091,3
8070,8
8090,13
8089,11
8088,10
8087,23
8086,9
8085,5
8084,6
8083,12
8082,7
8081,11
8079,14
8078,11
8073,13
8072,10
8071,10
8069,7
8068,5
8067,3
8066,3
7928,4
8002,5
8063,11
8061,12
7926,8
8055,10
8060,8
8059,8
8058,9
8057,6
8056,6
8054,13
8053,10
8052,13
8051,5
8050,8
8048,17
8047,8
8046,7
8045,6
8043,11
8042,12
8041,13
7924,7
7925,13
8040,7
8001,8
8039,10
8038,6
8037,7
8036,16
8035,4
8034,4
8032,14
8031,7
8030,6
7918,11
8014,7
8029,10
8028,5
8027,18
8026,12
8025,18
8023,10
8022,14
8021,8
8020,11
8019,10
8018,14
8017,3
8016,5
8015,6
7913,9
8013,9
8012,8
8011,8
7996,10
8010,11
8008,22
8007,6
8006,14
8005,16
7900,7
7892,13
8004,1
8003,5
8000,3
7999,3
7998,3
7997,3
7995,8
7992,7
7994,22
7993,10
7990,1
7989,5
7988,7
7986,11
7985,16
7898,7
7984,11
7983,4
7982,12
7981,12
7979,17
7891,8
7889,12
7978,25
7977,10
7976,12
7975,7
7582,6
7972,9
7971,14
7970,4
7969,9
7968,9
7967,10
7966,5
7965,3
7964,5
7963,11
7962,13
7872,3
7961,15
7960,9
7959,7
7958,12
7957,11
7956,13
7955,9
7954,9
7953,1
7861,8
7952,5
7950,1
7911,4
7951,6
7949,6
7948,5
7947,9
7946,5
7944,5
7943,4
7942,3
7941,7
7940,3
7939,17
7938,6
7937,7
7936,5
7806,12
7934,6
7933,4
7932,5
7931,9
7930,5
7929,9
7844,10
7927,20
7923,2
7922,10
7921,3
7920,6
7919,10
7917,1
7916,8
7915,8
7914,4
7837,15
7884,10
7912,12
7910,8
7909,13
7908,3
7907,10
7906,16
7905,16
7904,14
7903,19
7902,15
7901,10
7899,11
7897,7
7896,3
7895,5
7894,21
7893,5
7823,5
7890,5
7887,9
7888,7
7886,14
7885,9
7883,23
7882,16
7881,12
7880,11
7878,1
7876,3
7787,3
7875,10
7870,10
7874,8
7873,3
7871,4
7869,10
7868,21
7867,12
7866,4
7779,13
7865,12
7864,18
7862,4
7860,11
7772,4
7835,9
7859,7
7858,7
7857,12
7856,19
7855,12
7854,3
7853,5
7852,11
7851,14
7850,9
7849,5
7848,11
7847,15
7767,8
7846,4
7845,11
7843,4
7842,10
7841,7
7840,7
7839,2
7838,13
7836,23
7834,8
7832,7
7831,8
7765,9
7830,6
7829,22
7828,8
7827,9
7826,9
7825,7
7824,5
7822,7
7821,6
7820,5
7704,16
7718,2
7819,3
7818,11
7817,9
7816,11
7815,13
7814,18
7813,10
7703,9
7812,12
7811,10
7810,15
7809,17
7808,14
7807,10
7805,5
7804,22
7684,4
7803,12
7802,9
7801,7
7800,3
7799,4
7798,10
7797,4
7796,10
7795,4
7794,12
7793,13
7792,6
7791,6
7790,11
7789,10
7788,12
7786,10
7785,8
7784,5
7783,4
7782,6
7781,4
7682,4
7780,5
7778,8
7777,10
7776,3
7775,5
7774,8
7773,13
7677,4
7771,13
7770,12
7769,15
7768,11
7766,3
7764,30
7763,12
7762,7
7642,5
7761,14
7747,5
7760,6
7759,14
7758,11
7757,1
7756,10
7755,10
7754,5
7753,2
7752,4
7751,6
7749,2
7748,2
7746,5
7745,19
7744,11
7743,9
7740,8
7742,9
7741,8
7737,13
7739,3
7738,8
7638,6
7735,16
7734,5
7733,8
7720,24
7732,17
7731,9
7730,9
7729,6
7635,8
7709,8
7728,14
7727,2
7726,1
7725,5
7724,8
7723,2
7722,10
7721,16
7719,10
7717,4
7716,3
7715,11
7714,3
7713,12
7712,3
7711,8
7710,7
7630,9
7708,18
7707,9
7706,8
7705,1
7702,9
7701,4
7700,13
7699,4
7698,18
7603,7
7687,2
7697,13
7696,8
7695,5
7694,3
7693,7
7692,2
7691,9
7690,3
7689,3
7688,12
7686,8
7685,11
7683,7
7584,19
7681,11
7680,12
7679,16
7678,5
7676,2
7675,18
7674,12
7673,9
7565,15
7672,10
7641,5
7671,1
7670,2
7669,11
7668,17
7667,10
7666,4
7664,11
7663,11
7662,12
7661,14
7561,8
7648,2
7660,9
7659,5
7658,1
7657,8
7656,13
7655,0
7654,6
7652,11
7651,10
7650,10
7649,3
7545,6
7631,10
7647,4
7645,7
7644,5
7643,13
7640,10
7639,13
7637,18
7636,3
7633,11
7632,2
7544,5
7626,8
7629,17
7628,10
7627,6
7625,4
7624,9
7520,9
7623,12
7622,8
7621,14
7620,4
7619,12
7618,14
7617,3
7616,10
7615,6
7614,2
7613,4
7612,2
7611,6
7610,12
7609,10
7608,12
7518,12
7589,8
7607,14
7606,7
7605,10
7604,5
7597,6
7602,5
7601,11
7600,9
7599,11
7598,14
7492,6
7596,10
7588,4
7592,7
7591,13
7590,7
7587,10
7586,10
7585,2
7583,18
7581,8
7580,11
7579,14
7559,4
7578,9
7577,10
7576,7
7575,6
7572,2
7574,7
7573,4
7568,4
7558,1
7555,1
7567,9
7554,1
7472,5
7553,3
7566,4
7560,5
7564,12
7563,11
7562,12
7470,5
7542,12
7549,8
7548,8
7547,16
7546,3
7543,3
7527,3
7526,7
7525,6
7541,7
7540,5
7539,5
7538,9
7537,11
7536,2
7524,1
7523,5
7535,12
7534,3
7456,6
7522,5
7533,13
7532,13
7521,9
7531,6
7530,8
7529,4
7528,6
7519,14
7448,5
7517,10
7516,12
7509,6
7512,9
7511,23
7508,16
7507,3
7506,3
7505,11
7504,7
7503,9
7490,2
7489,7
7502,11
7501,4
7499,5
7497,18
7498,3
7496,3
7495,4
7494,10
7493,6
7491,4
7488,3
7487,2
7447,8
7483,3
7161,12
7486,11
7485,24
7484,8
7482,7
7423,12
7441,13
7480,14
7479,7
7478,4
7477,7
7476,9
7475,11
7474,12
7473,21
7471,10
7469,10
7467,2
7466,9
7465,7
7410,8
7464,5
7463,2
7462,8
7461,17
7450,7
7460,3
7459,12
7458,12
7457,2
7455,11
7454,5
7453,7
7452,5
7451,15
7406,6
7426,9
7449,5
7446,5
7445,8
7444,8
7443,7
7442,6
7440,8
7439,8
7438,2
7373,9
7437,2
7436,4
7429,20
7435,3
7434,17
7433,11
7432,8
7431,13
7430,22
7365,4
7428,4
7427,11
7425,6
7403,8
7424,10
7422,11
7420,3
7419,11
7418,2
7337,5
7336,7
7417,9
7416,7
7415,10
7414,9
7335,17
7413,3
7412,0
7411,9
7409,2
7408,8
7407,5
7405,2
7404,14
7332,3
7389,11
7402,12
7401,3
7400,7
7399,4
7398,5
7397,4
7396,7
7395,6
7394,4
7393,5
7392,4
7391,1
7390,1
7388,15
7387,4
7386,9
7383,10
7382,10
7381,4
7380,6
7328,2
7379,10
7372,13
7378,0
7377,1
7376,1
7375,8
7374,4
7371,19
7266,7
7294,9
7370,13
7369,8
7368,12
7367,12
7366,8
7364,13
7363,13
7265,9
7362,12
7361,6
7360,18
7313,7
7359,2
7358,2
7357,3
7356,1
7355,1
7354,1
7353,3
7352,5
7351,6
7350,10
7349,7
7348,7
7347,8
7346,6
7345,12
7344,8
7343,10
7342,11
7341,11
7339,11
7338,9
7334,5
7333,10
7264,9
7331,6
7304,7
7330,4
7329,8
7327,15
7326,3
7324,2
7323,4
7322,4
7321,5
7320,24
7319,4
7318,4
7317,10
7316,9
7314,8
7312,6
7311,8
7310,16
7309,7
7253,7
7308,8
7269,18
7306,11
7305,10
7303,9
7302,15
7252,8
7274,7
7301,12
7300,10
7299,6
7298,10
7297,6
7296,6
7295,7
7251,11
7293,5
7292,7
7192,9
7291,8
7290,14
7289,28
7288,10
7287,9
7286,6
7285,9
7284,4
7283,5
7282,5
7281,2
7280,14
7279,4
7278,5
7277,5
7276,6
7275,10
7273,8
7235,2
7256,4
7271,6
7270,6
7268,6
7267,6
7211,3
7263,9
7262,6
7261,11
7189,17
7260,5
7259,7
7258,8
7257,11
7255,14
7204,6
7232,5
7254,12
7250,4
7249,12
7248,3
7203,6
7247,6
7190,8
7246,6
7245,19
7243,5
7242,1
7241,3
7240,12
7239,9
7237,6
7236,3
7234,8
7233,9
7198,6
7226,11
7231,9
7230,5
7229,12
7228,4
7227,1
7225,9
7224,8
7223,2
7222,5
7221,6
7180,10
7220,5
7191,11
7217,12
7216,9
7215,3
7214,12
7210,6
7209,6
7208,9
7207,6
7206,8
7174,9
7205,9
7168,4
7202,11
7201,5
7200,1
7199,11
7171,6
7179,6
7197,1
7196,4
7195,16
7194,12
7151,9
7181,7
7193,4
7188,9
7187,8
7186,13
7185,9
7184,3
7183,37
7182,6
7133,6
7178,11
7177,7
7162,5
7176,7
7175,17
7173,14
7172,8
7127,9
7090,6
7166,10
7170,5
7169,8
7167,4
7165,6
7164,3
7163,6
7111,13
7101,19
7158,5
7102,5
7157,2
7155,17
7145,12
7154,12
7153,12
7152,6
7150,9
7149,1
7147,2
7146,7
7144,5
7123,10
7099,3
7097,10
7143,5
7142,14
7141,15
7140,1
7139,13
7138,24
7137,13
7136,11
7135,11
7134,1
7092,6
7132,7
7089,5
7131,11
7130,1
7129,5
7128,5
7126,12
7125,18
7122,6
7124,4
7121,3
7091,7
7120,4
7088,11
7119,5
7118,6
7117,2
7116,10
7115,5
7114,2
7077,7
7107,8
7113,1
7112,8
7110,4
7109,8
7108,8
7106,9
7105,9
7104,8
7103,7
7064,9
7027,14
7100,6
7098,11
7096,16
7059,9
7045,6
7095,12
7094,2
7093,1
7087,9
7031,8
7026,16
7086,25
7085,2
7084,3
7028,6
7080,7
7083,11
7082,15
7081,2
7079,5
7078,3
7076,17
7075,28
7074,9
6968,5
7014,16
7073,10
7072,8
7071,1
7070,3
7063,11
7069,6
7068,8
7067,7
7066,19
7065,7
6954,12
7062,5
7061,8
6962,7
7060,3
6953,8
7012,14
7058,6
7057,1
7056,6
7055,10
7053,4
7054,4
6939,10
7052,5
7015,2
7051,3
7050,11
7049,14
7048,4
7047,11
7046,9
7044,2
7043,4
7042,8
7041,1
7040,4
7039,2
7038,3
7037,3
7036,3
7035,3
7034,5
7033,8
7032,10
7030,11
7029,6
7025,12
6925,4
7024,7
7023,8
7011,6
7022,5
7020,7
7019,9
7018,12
7017,5
7016,6
6911,11
7013,8
6793,6
7010,2
7009,9
7008,7
7007,11
7006,8
7005,8
7004,2
7003,10
7002,7
7001,9
7000,9
6999,14
6998,7
6997,8
6996,4
6995,14
6994,10
6993,10
6992,8
6991,8
6990,10
6989,9
6988,9
6987,10
6986,15
6985,5
6974,6
6984,6
6983,6
6982,10
6981,8
6980,5
6979,8
6978,17
6977,11
6976,6
6973,7
6972,4
6971,13
6884,6
6970,2
6969,10
6967,5
6966,2
6965,11
6964,10
6963,5
6877,7
6681,11
6961,16
6960,3
6959,5
6958,3
6957,4
6956,15
6955,5
6936,10
6876,10
6951,13
6950,12
6949,17
6948,10
6947,13
6946,13
6945,11
6944,10
6943,10
6942,7
6941,8
6940,13
6874,10
6938,9
6680,7
6937,13
6935,9
6934,9
6864,10
6932,1
6931,1
6930,11
6929,4
6928,5
6927,6
6926,7
6924,5
6923,11
6922,9
6921,4
6920,7
6919,13
6918,14
6917,10
6916,7
6915,9
6859,9
6914,4
6913,6
6679,5
6912,16
6910,2
6909,6
6908,7
6907,11
6906,1
6905,8
6904,5
6903,4
6856,1
6901,5
6900,12
6899,21
6898,11
6897,8
6888,4
6896,14
6895,8
6894,9
6892,20
6851,8
6891,13
6623,2
6890,8
6887,11
6886,7
6885,3
6883,1
6847,10
6882,3
6881,13
6880,13
6879,15
6878,10
6817,11
6875,14
6860,15
6873,15
6872,18
6871,15
6870,23
6869,15
6857,10
6868,1
6867,1
6865,6
6813,7
6863,13
6862,3
6861,3
6858,4
6797,12
6855,11
6717,12
6854,17
6853,11
6852,19
6850,8
6849,9
6846,10
6845,10
6844,10
6843,11
6842,5
6841,8
6840,6
6839,7
6838,12
6796,9
6837,10
6836,13
6835,2
6832,10
6834,4
6831,3
6830,12
6829,8
6785,16
6828,7
6746,9
6827,9
6826,9
6825,12
6824,10
6823,6
6822,10
6820,5
6819,7
6818,1
6816,8
6815,16
6814,5
6775,11
6812,16
6811,9
6810,6
6809,14
6808,2
6807,1
6806,9
6805,7
6804,7
6803,9
6802,12
6801,9
6800,5
6773,11
6638,9
6799,7
6798,9
6795,11
6794,5
6743,8
6792,8
6791,17
6790,15
6789,15
6788,5
6741,7
6637,13
6787,16
6786,8
6784,10
6783,17
6782,13
6781,21
6780,4
6779,4
6778,15
6777,13
6731,7
6776,11
6737,12
6774,15
6772,17
6771,12
6724,8
6636,12
6770,10
6769,8
6768,3
6767,10
6766,9
6765,8
6764,11
6763,10
6678,5
6704,5
6762,6
6761,27
6760,8
6759,12
6675,12
6758,7
6404,9
6757,15
6756,13
6755,6
6754,5
6753,11
6752,6
6749,32
6674,10
6751,14
6750,23
6748,2
6747,8
6703,13
6745,11
6744,11
6742,10
6740,10
6739,14
6673,8
6635,9
6738,32
6733,10
6732,7
6640,11
6662,8
6730,14
6729,36
6728,6
6727,6
6726,12
6725,5
6695,12
6628,5
6723,17
6621,5
6722,8
6721,12
6720,8
6719,23
6718,14
6716,17
6715,7
6714,12
6713,7
6712,6
6711,7
6710,8
6709,9
6708,8
6707,5
6626,2
6705,12
6702,10
6701,6
6700,8
6699,10
6698,7
6697,10
6617,17
6696,13
6694,4
6693,2
6692,1
6614,8
6690,5
6689,12
6622,9
6687,12
6686,8
6685,3
6684,4
6683,8
6682,7
6677,10
6676,5
6672,2
6671,8
6670,24
6669,4
6668,8
6667,10
6607,7
6666,10
6665,8
6613,6
6664,9
6663,19
6661,13
6601,17
6660,2
6659,14
6658,10
6656,1
6655,2
6654,1
6652,5
6657,17
6653,3
6651,2
6650,6
6649,5
6648,6
6647,5
6646,9
6645,6
6644,9
6606,8
6585,4
6643,8
6642,11
6641,8
6639,5
6634,8
6633,10
6632,11
6631,7
6630,6
6605,21
6629,18
6627,4
6596,13
6603,10
6604,7
6625,12
6624,17
6620,10
6619,4
6618,13
6506,8
6615,12
6579,5
6578,10
6612,2
6611,7
6610,10
6576,3
6609,13
6541,7
6608,25
6602,4
6600,23
6599,8
6598,15
6595,10
6571,6
6597,5
6549,16
6594,9
6593,14
6592,7
6591,10
6590,6
6589,14
6534,14
6588,10
6587,8
6570,12
6586,25
6584,10
6583,12
6582,6
6465,8
6533,13
6581,27
6580,1
6548,11
6531,7
6575,14
6574,5
6573,12
6451,9
6569,11
6568,13
6567,8
6566,11
6565,22
6564,8
6563,3
6562,10
6561,6
6560,15
6559,9
6558,13
6557,14
6556,12
6515,12
6555,15
6554,16
6553,14
6552,10
6551,13
6550,7
6547,5
6527,21
6546,6
6514,8
6545,5
6481,8
6511,5
6544,13
6543,10
6542,4
6540,5
6539,6
6538,7
6537,8
6536,16
6535,15
6532,5
6460,15
6530,10
6529,3
6528,7
6526,6
6525,7
6524,2
6464,13
6523,9
6522,9
6521,6
5657,3
6520,8
6519,8
6518,7
6517,6
6516,6
5655,5
6482,8
6485,8
6486,11
6498,6
6510,1
6457,9
6509,11
5652,6
6468,4
6480,6
6513,2
6512,1
5650,6
5647,4
5659,6
5646,1
6508,18
5644,8
6507,17
5643,9
5642,3
5641,7
5640,5
5639,2
5638,11
6505,2
6450,11
6504,9
5637,7
5636,20
5635,3
5634,6
5633,9
5631,11
5630,1
6503,5
6502,5
5629,0
6501,8
6500,19
5628,4
6499,9
5627,17
6476,7
6492,8
6446,11
6466,8
6483,7
6469,9
6408,11
6479,6
6478,9
6475,12
6474,6
6473,9
6472,8
6454,11
6403,6
6452,13
6467,13
6463,16
6462,8
6461,9
6402,15
6459,14
6421,12
6398,12
6437,9
6456,20
6453,4
6441,11
6337,11
6449,10
6448,7
6426,13
6447,10
6445,6
6444,13
6443,8
6442,3
6440,16
6324,10
6439,12
6438,16
6436,7
6435,11
6434,9
6433,6
6432,3
6431,9
6429,14
6296,8
6430,12
6428,13
6427,8
6425,11
6424,12
6364,15
6423,6
6422,18
6419,12
6418,9
6417,13
6416,8
6415,7
6414,23
6413,6
6412,11
6286,3
6411,4
6405,9
6410,4
6409,6
6407,8
6406,9
6386,17
6276,7
6401,13
6359,12
6400,8
6399,8
6269,5
6385,11
6397,8
6396,2
6395,16
6394,9
6393,14
6392,9
6391,15
6390,7
6388,10
6387,6
6384,14
6383,6
6382,3
6381,4
6380,5
6379,7
6378,12
6377,6
6376,7
6375,14
6266,8
6374,11
6373,7
6372,17
6371,9
6370,17
6369,13
6368,7
6358,10
6367,13
6366,15
6365,10
6231,11
6363,6
6360,12
6362,6
6361,7
6357,11
6205,11
6356,16
6355,42
6354,23
6353,2
6315,14
6329,13
6352,7
6351,21
6350,10
6349,10
6348,7
6201,12
6347,7
6346,8
6345,8
6344,8
6341,9
6340,17
6339,5
6200,2
6261,19
6338,7
6304,15
6336,9
6335,6
6334,12
6181,4
6331,9
6333,9
6332,7
6327,9
6326,12
6180,10
6325,3
6278,11
6323,11
6322,15
6321,13
6131,3
6320,9
6300,6
6319,8
6318,12
6317,13
6316,15
6314,6
6313,20
6312,12
6311,8
6310,9
6309,12
6308,10
6307,8
6306,4
6305,10
6302,4
6303,8
6301,9
6161,4
6299,25
6298,2
6297,6
6281,13
6295,29
6294,9
6146,11
6293,22
6285,5
6292,7
6291,13
6290,2
6289,8
6288,5
6287,8
6144,11
6284,14
6283,12
6282,11
6280,3
6279,16
6277,11
6275,5
6224,10
6274,8
6273,8
6272,4
6271,14
6270,11
6133,9
6259,10
6268,7
6267,8
6265,11
6264,12
6262,9
6118,8
6218,13
6260,6
6258,18
6257,12
6256,16
6255,12
6254,16
6109,4
6253,9
6252,14
6245,9
6251,7
6250,15
6249,12
6247,15
6246,9
6244,10
6243,10
6239,7
6238,10
6237,7
6236,4
6234,11
6232,20
6230,8
6086,13
6228,8
6229,3
6227,2
6203,11
6226,21
6225,20
6060,13
6216,8
6221,11
6223,10
6222,13
6220,3
6219,13
6217,5
6215,9
6214,8
6213,12
6212,6
6211,2
6210,8
6209,10
6208,5
6207,7
6206,12
6204,11
6202,16
6056,4
6199,22
6198,8
6197,11
6196,9
6195,12
6194,16
6193,23
6192,14
6191,15
6045,2
6186,11
6190,13
6189,7
6188,4
6187,7
6185,15
6035,14
6184,1
6183,10
6182,13
6179,4
6178,11
6177,4
6176,5
6175,8
6033,11
6174,3
6171,9
6173,11
6172,15
6170,10
6029,6
6169,7
6168,11
6167,9
6166,6
6165,11
6164,14
6018,10
6163,16
6162,8
6153,9
6160,5
6159,9
6158,10
6157,10
6156,10
6154,13
6155,10
6152,43
6149,13
6148,13
6147,9
6002,9
6145,10
6143,11
6142,11
6141,6
6140,12
6139,9
5991,12
6130,5
6138,8
6137,4
6136,7
6135,8
6134,12
6132,13
6129,8
6127,17
6128,5
6126,8
6125,4
5980,9
6123,10
6122,13
6121,4
6120,5
6119,5
6117,18
6116,13
6115,17
5971,2
6114,11
6113,11
6112,18
6111,3
6110,8
6108,20
6107,9
6106,15
5978,7
6105,17
6104,14
6103,3
6102,9
6101,3
5975,10
6100,12
6099,9
6098,16
6097,8
6096,21
6095,12
6094,10
6093,2
6092,6
6091,9
6090,27
6089,16
6088,11
6087,5
6085,7
6084,14
6083,11
6082,9
6080,7
6079,10
6078,6
6077,6
6076,8
6072,5
5973,7
6075,3
6074,7
6073,5
6070,8
6069,2
6068,7
6067,7
6066,9
6065,4
6064,5
6063,14
6062,3
6061,11
6059,6
5966,2
6058,11
6057,4
6055,9
6054,10
6053,9
6052,7
6051,6
6050,9
6049,10
5965,7
6048,7
6047,3
6046,4
6044,12
6043,3
6042,8
6041,10
6040,14
5960,7
6039,7
6038,7
6037,7
5997,6
6036,6
6034,12
6032,12
6031,12
6030,11
6028,9
6027,13
5947,3
6026,10
6025,10
6024,9
6023,13
6022,9
6021,12
6020,12
5942,6
5996,15
5994,8
5995,8
6019,2
6017,13
6016,20
5924,7
6015,15
6014,11
6013,16
6012,11
6011,23
6010,18
6009,11
6008,11
6007,8
5914,12
6006,13
5992,9
6005,16
6004,5
6003,12
6000,14
5999,5
5998,8
5993,14
5912,16
5990,5
5989,9
5988,7
5987,10
5911,7
5986,9
5985,14
5984,3
5983,14
5982,5
5981,20
5979,12
5977,19
5903,14
5961,6
5976,12
5974,11
5972,10
5970,8
5902,8
5969,13
5968,10
5967,10
5964,3
5963,9
5962,1
5893,9
5959,10
5958,7
5957,15
5956,12
5955,10
5954,1
5953,1
5952,6
5929,16
5951,12
5950,12
5949,18
5948,10
5891,10
5946,4
5945,9
5944,0
5943,18
5941,12
5940,10
5939,15
5938,7
5937,11
5936,12
5935,10
5934,15
5933,13
5932,10
5931,11
5865,11
5930,13
5928,26
5920,12
5927,13
5926,6
5925,8
5923,14
5922,2
5921,6
5918,10
5917,3
5915,12
5913,8
5910,10
5909,11
5908,4
5907,7
5898,10
5906,3
5864,11
5905,16
5904,25
5901,12
5900,11
5899,12
5897,13
5896,7
5840,10
5895,5
5894,9
5892,5
5890,5
5889,14
5833,8
5888,5
5677,16
5887,11
5886,3
5885,3
5884,4
5883,9
5832,9
5882,15
5881,15
5880,21
5879,8
5878,8
5872,7
5877,4
5876,14
5817,3
5875,19
5874,5
5873,7
5871,17
5870,6
5869,7
5804,9
5868,21
5867,7
5866,9
5852,18
5863,10
5862,8
5788,15
5861,11
5860,10
5859,3
5858,7
5857,16
5856,1
5855,10
5854,21
5851,7
5850,3
5849,11
5848,20
5847,13
5846,14
5726,6
5845,14
5844,11
5843,13
5837,6
5842,6
5841,17
5839,16
5838,12
5720,11
5619,11
5836,15
5835,18
5834,13
5831,10
5830,10
5819,16
5829,14
5828,9
5827,15
5826,8
5825,8
5824,9
5823,15
5822,13
5678,3
5821,11
5820,9
5818,7
5816,14
5815,14
5814,15
5813,5
5812,13
5675,8
5591,10
5811,7
5810,6
5809,9
5808,18
5807,11
5806,10
5805,12
5803,6
5802,4
5801,15
5800,10
5673,1
5799,13
5798,9
5797,3
5796,11
5795,15
5794,1
5793,5
5791,12
5790,11
5672,13
5789,17
5570,7
5787,8
5786,5
5785,9
5784,18
5783,3
5782,5
5781,5
5780,11
5779,6
5778,11
5777,6
5661,10
5776,3
5775,8
5774,9
5773,10
5772,10
5771,3
5770,11
5769,9
5768,9
5656,5
5590,13
5767,6
5766,5
5765,12
5764,7
5763,6
5762,8
5761,9
5760,8
5759,8
5649,6
5757,8
5756,8
5755,8
5754,14
5753,3
5645,6
5752,14
5751,11
5585,10
5617,8
5750,3
5749,3
5748,3
5747,4
5746,9
5745,6
5744,4
5743,6
5742,8
5741,11
5740,4
5739,15
5738,3
5737,9
5736,5
5735,6
5734,10
5733,11
5732,12
5731,14
5730,8
5729,8
5728,15
5625,12
5727,11
5725,6
5724,8
5723,11
5722,4
5721,13
5719,10
5718,12
5717,5
5597,9
5716,21
5715,3
5714,2
5713,8
5712,17
5711,5
5710,5
5709,5
5708,5
5707,3
5706,9
5704,6
5703,10
5596,9
5702,10
5701,10
5699,8
5698,5
5697,1
5696,2
5695,4
5694,0
5693,2
5692,3
5691,3
5690,3
5689,7
5688,8
5687,15
5686,4
5595,11
5522,7
5685,6
5558,7
5680,4
5683,3
5679,5
5684,3
5681,10
5528,5
5521,10
5676,11
5660,13
5669,10
5671,5
5670,11
5668,5
5667,6
5523,7
5666,4
5665,6
5664,5
5663,11
5662,15
5658,16
5654,12
5653,15
5651,17
5648,5
5514,7
5520,9
5632,10
5626,7
5624,9
5623,5
5622,18
5621,3
5620,6
5618,6
5616,16
5615,12
5614,15
5613,6
5612,19
5611,6
5610,7
5609,10
5608,9
5607,5
5606,7
5605,3
5604,6
5480,4
5603,17
5602,16
5601,5
5600,17
5599,3
5455,9
5598,10
5519,11
5594,5
5593,6
5592,10
5589,6
5588,22
5587,16
5586,9
5584,12
5433,11
5583,9
5582,22
5581,4
5580,4
5579,13
5578,1
5577,5
5576,1
5575,2
5574,9
5573,13
5432,10
5484,13
5572,10
5563,9
5571,11
5569,8
5568,8
5567,6
5566,12
5565,4
5564,6
5561,2
5562,2
5560,12
5559,7
5424,2
5557,3
5556,10
5552,12
5554,5
5553,9
5551,6
5414,7
5472,10
5487,6
5550,1
5549,6
5548,12
5547,8
5546,13
5545,14
5544,5
5543,5
5542,13
5541,14
5540,8
5412,14
5538,8
5537,10
5536,9
5535,6
5534,6
5533,4
5532,6
5531,6
5530,16
5529,14
5407,12
5527,20
5457,6
5526,5
5525,19
5518,14
5517,4
5516,4
5515,16
5405,7
5512,13
5511,13
5510,10
5508,16
5507,11
5506,6
5505,13
5504,15
5503,9
5502,11
5501,13
5500,8
5499,5
5498,4
5497,6
5494,12
5493,11
5491,8
5490,8
5404,8
5372,9
5489,2
5488,11
5485,11
5483,12
5402,16
5482,8
5481,4
5479,10
5478,10
5477,13
5396,7
4643,7
5476,14
5475,16
5474,9
5473,12
5471,11
5470,14
5469,9
5468,12
5467,13
5466,11
5465,12
5464,4
5463,7
5462,8
5461,18
5460,12
5459,7
5456,1
5388,9
5439,12
5454,3
5453,1
5452,14
5451,10
5449,2
5448,11
5447,11
5446,11
5374,7
5321,9
5443,8
5441,9
5437,9
5436,8
5435,8
5434,10
5362,15
5431,8
5430,7
5429,5
5428,1
5427,10
5426,3
5359,10
5425,5
5178,6
5423,7
5422,7
5421,7
5420,7
5419,5
5418,10
5417,3
5416,11
5415,22
5413,5
5411,8
5410,11
5409,3
5408,3
5348,8
5406,4
5403,13
5401,4
5400,8
5399,10
5398,10
5397,6
5347,9
5395,4
5394,5
5039,15
5393,4
5392,11
5391,11
5390,15
5387,2
5386,5
5385,11
5384,10
5383,3
5346,6
5382,8
5381,9
5380,10
5378,12
5377,6
5289,3
5367,16
5021,12
5366,9
5376,18
5375,10
5373,29
5371,11
5370,11
5369,10
5368,13
5280,10
5364,2
5365,3
5363,11
5361,1
5360,15
5358,9
5357,11
5356,8
5355,11
5354,14
5251,7
5038,8
5353,3
5352,14
5350,15
5219,10
5345,19
5344,13
5317,8
5343,14
5342,13
5341,1
5314,9
5340,9
5339,12
5338,9
5337,10
5334,4
5332,7
5287,10
5322,2
5331,6
4958,8
5310,13
5169,12
4726,5
5041,11
5305,9
5312,1
5327,11
5330,10
5329,4
5328,17
5203,7
5019,6
5326,11
5325,9
5324,5
5320,4
5319,10
5318,19
5315,7
5316,13
5311,12
5309,10
5308,11
5307,4
5306,6
5200,11
5304,12
5303,4
5302,9
5301,7
5300,5
5299,9
5298,10
5163,2
5297,11
5296,5
4979,8
5295,6
5294,11
5292,19
5291,17
5290,6
5288,11
5286,12
5285,11
5138,2
5284,21
5283,6
5282,1
5281,10
5279,4
5278,9
5277,8
5276,0
5275,3
5274,10
5273,2
5129,8
5272,8
5271,5
5270,3
5269,1
5268,1
4741,5
5267,14
5266,11
5265,4
5264,2
5263,4
5262,3
5260,3
5259,6
5258,2
5257,6
5256,9
5255,10
5254,1
5253,5
5252,4
5250,0
5249,14
5248,3
5247,3
5246,2
5245,13
5244,6
5243,5
5242,4
5241,6
5240,11
5239,2
5238,3
5237,1
5065,12
5236,11
5235,11
5234,13
5232,6
5230,3
5228,10
5227,8
5064,8
5225,4
5226,12
5224,7
5223,2
5222,11
5221,4
5220,8
5217,5
5216,5
5215,8
5214,4
5213,11
5045,10
5212,8
5211,4
5210,9
5208,11
5207,16
5206,11
5205,7
5202,8
5024,3
4864,7
5198,9
5197,12
5196,6
5195,5
5194,13
5193,5
5192,13
5191,13
5190,13
5189,14
5188,11
5187,11
5186,4
5185,9
5184,10
5183,14
5182,12
5181,1
5180,0
5179,14
5177,13
5176,5
5175,8
5174,7
5173,3
5172,4
5171,7
5170,8
5167,5
5166,6
5165,2
5164,3
5162,11
5161,7
5160,9
5159,8
5158,3
5156,10
5155,1
5154,0
5153,6
5152,2
5151,5
5150,1
5149,1
5016,7
5148,6
5146,6
5147,6
5145,8
5144,10
5143,6
5142,1
5141,6
5140,6
5139,5
5137,1
5136,1
5135,2
5134,4
5133,9
5132,3
5131,2
5130,1
5128,0
5127,0
5126,0
5125,29
5124,6
5123,3
5122,4
5121,3
5120,3
5119,7
5118,5
5117,5
5116,7
5115,4
5114,4
5113,8
5112,8
5111,4
5110,7
5109,6
5108,6
5107,7
5106,3
5105,8
5104,5
5103,5
5102,11
5101,5
5100,1
5099,9
5098,0
5097,0
5096,8
5095,1
5094,1
5093,4
5092,1
5091,17
5015,5
5090,1
5089,5
5088,1
4815,6
5087,5
5086,10
5085,5
5084,7
5083,3
5082,4
5080,13
5079,14
5078,13
5011,7
5077,14
5076,8
5074,7
5071,10
5070,9
5069,9
5000,7
5020,12
4863,10
4495,9
5068,12
5067,5
5063,8
5057,16
5062,8
5061,13
5060,3
4997,6
5059,1
5058,13
5055,9
5054,7
5053,9
5031,5
5052,11
5035,3
5050,4
5049,11
5048,9
4994,9
5047,11
4867,9
5046,10
5044,6
5043,2
5042,13
5040,7
5037,8
5036,14
5034,5
4993,9
5032,3
5030,6
4876,12
4890,5
5029,5
5028,10
5027,10
5026,10
5025,4
4988,16
4803,5
5023,10
5022,11
5018,8
5017,10
4952,11
5013,13
5012,6
5010,9
5008,8
4945,9
4865,10
5007,16
5006,19
5005,1
5004,6
5003,8
5002,9
4999,19
4998,10
4996,11
4995,10
4992,12
4944,9
4991,6
4990,2
4989,9
4987,13
4986,12
4985,5
4943,8
4802,8
4984,13
4983,10
4981,10
4978,2
4977,13
4976,14
4975,12
4974,17
4973,14
4687,14
4972,21
4971,18
4898,10
4970,2
4969,10
4968,9
4967,14
4966,18
4965,8
4964,10
4963,14
4962,11
4961,8
4960,10
4959,10
4860,2
4953,10
4957,8
4956,12
4955,8
4954,15
4835,5
4951,17
4950,26
4949,15
4948,6
4947,5
4946,15
4942,9
4941,12
4940,16
4939,8
4832,11
4932,13
4938,6
4937,9
4936,13
4935,15
4934,6
4933,9
4931,11
4930,12
4929,6
4928,6
4927,8
4800,4
4926,18
4925,5
4924,10
4923,13
4922,4
4921,19
4920,12
4919,3
4918,8
4917,15
4916,6
4915,11
4914,20
4913,12
4791,6
4912,11
4911,11
4910,17
4644,12
4760,8
4901,23
4900,17
4899,8
4772,4
4897,13
4895,10
4894,14
4893,10
4892,15
4891,14
4771,7
4889,17
4888,12
4879,10
4887,8
4885,13
4884,2
4883,4
4882,3
4880,7
4766,10
4878,15
4875,32
4874,9
4873,18
4764,8
4624,12
4872,16
4871,12
4870,5
4869,7
4868,5
4866,5
4862,4
4861,12
4732,5
4859,11
4858,8
4857,11
4856,6
4855,11
4854,13
4853,6
4728,5
4852,15
4851,11
4635,11
4850,15
4849,10
4848,7
4847,18
4846,7
4845,10
4844,6
4843,6
4842,10
4841,4
4840,4
4839,11
4716,8
4838,1
4837,4
4834,9
4833,8
4831,9
4830,19
4715,5
4634,8
4829,12
4828,14
4827,9
4826,7
4825,11
4823,3
4822,9
4821,4
4820,4
4818,1
4817,5
4816,12
4814,7
4646,4
4811,16
4813,11
4812,8
4810,1
4809,13
4808,4
4807,11
4806,8
4805,9
4632,4
4775,3
4633,9
4804,15
4801,8
4603,2
4799,11
4798,8
4795,8
4794,6
4623,7
4793,11
4792,20
4790,9
4789,8
4788,8
4787,8
4786,3
4785,3
4784,3
4783,12
4782,13
4781,10
4780,2
4779,4
4778,15
4776,11
4774,18
4602,6
4612,9
4742,6
4773,11
4770,8
4769,13
4768,5
4767,13
4765,12
4762,6
4761,5
4759,16
4758,8
4601,9
4757,9
4524,13
4756,8
4755,10
4754,9
4752,15
4751,18
4750,10
4749,11
4748,2
4595,6
4594,6
4747,8
4746,4
4745,10
4744,12
4743,7
4739,14
4738,9
4737,7
4736,5
4735,3
4734,10
4733,7
4731,11
4730,3
4729,7
4727,10
4592,10
4523,14
4725,14
4722,5
4721,11
4720,13
4719,10
4718,8
4717,9
4714,12
4591,4
4713,9
4593,9
4712,14
4711,13
4710,6
4709,7
4708,4
4707,14
4706,8
4705,15
4704,6
4703,10
4702,8
4589,10
4701,4
4700,9
4522,9
4699,10
4698,14
4696,13
4695,12
4694,11
4693,5
4587,6
4692,14
4584,8
4691,8
4689,3
4685,11
4684,15
4683,14
4682,12
4681,8
4680,10
4578,7
4679,18
4678,12
4677,12
4521,17
4676,11
4675,2
4674,7
4673,5
4672,5
4671,7
4670,5
4669,13
4577,12
4572,8
4668,5
4667,14
4666,6
4665,1
4664,7
4663,3
4662,15
4661,17
4660,3
4659,8
4658,9
4657,9
4656,5
4655,5
4654,9
4574,7
4653,2
4651,16
4650,8
4649,13
4647,11
4645,7
4642,6
4641,5
4640,12
4639,8
4570,6
4638,13
4573,8
4636,6
4631,9
4561,1
4630,10
4629,8
4628,12
4627,7
4559,11
4626,12
4548,12
4625,10
4622,10
4621,4
4620,15
4619,15
4615,19
4618,8
4617,7
4616,5
4614,11
4544,9
4613,8
4611,9
4610,17
4609,10
4608,11
4517,7
4607,8
4476,11
4547,10
4606,13
4605,11
4604,6
4509,11
4600,4
4527,1
4599,9
4598,18
4597,11
4596,7
4507,11
4505,10
4590,11
4588,11
4503,10
4586,10
4585,1
4526,8
4583,11
4582,21
4581,11
4580,19
4579,18
4494,9
4504,10
4550,6
4571,11
4520,10
4576,16
4575,11
4569,17
4541,11
4568,15
4475,6
4567,17
4566,8
4565,9
4564,14
4563,7
4562,13
4473,7
4489,11
4549,12
4558,17
4557,13
4556,4
4555,3
4554,2
4553,3
4552,5
4551,4
4546,7
4545,2
4543,4
4542,6
4540,12
4539,8
4470,7
4528,8
4537,2
4536,9
4431,24
4535,10
4534,1
4469,9
4533,4
4471,6
4532,7
4531,7
4530,5
4529,6
4525,10
4519,0
4518,11
4452,4
4515,6
4514,11
4513,9
4512,13
4447,8
4511,10
4413,17
4510,11
4508,2
4506,9
4502,11
4428,12
4501,4
4500,5
4499,10
4498,13
4497,8
4496,7
4425,10
4412,9
4493,3
4492,8
4491,10
4490,5
4488,8
4487,15
4486,14
4485,17
4484,4
4482,7
4481,10
4477,8
4480,0
4417,7
4478,2
4474,7
4472,12
4391,11
4468,14
4467,5
4388,11
4466,9
4465,9
4432,12
4464,6
4463,6
4462,4
4461,9
4385,14
4459,17
4458,17
4457,6
4456,8
4455,19
4454,6
4384,13
4453,36
4378,11
4405,18
4451,3
4450,9
4449,6
4448,6
4446,5
4445,4
4444,10
4383,18
4443,8
4442,12
4441,5
4440,9
4439,1
4438,13
4437,13
4436,14
4435,4
4373,5
4434,10
4368,6
4433,18
4403,8
4430,1
4429,4
4427,9
4426,10
4372,4
4424,7
4423,14
4422,5
4421,16
4420,5
4419,6
4418,13
4416,8
4352,12
4415,11
4414,7
4366,13
4411,8
4410,9
4409,10
4408,5
4407,8
4406,14
4402,13
4401,6
4400,9
4399,7
4398,7
4397,7
4396,4
4395,4
4394,9
4393,8
4392,10
4345,5
4390,1
4389,2
4387,10
4386,7
4326,5
4355,5
4382,6
4381,7
4380,6
4379,8
4321,11
4377,11
4376,6
4375,5
4320,5
4374,13
4354,8
4371,1
4370,10
4369,7
4367,15
4365,4
4307,14
4363,3
4362,12
4361,13
4360,9
4359,7
4288,8
4358,6
4351,9
4357,9
4353,16
4350,13
4349,14
4348,13
4347,7
4346,21
4277,7
4344,23
4343,11
4342,9
4341,12
4272,8
4340,9
4339,9
4329,6
4332,7
4338,11
4337,27
4336,16
4335,9
4334,9
4333,9
4331,6
4268,6
4330,7
4328,17
4327,11
4265,7
4325,9
4310,8
4324,8
4323,15
4319,16
4312,12
4318,16
4317,9
4264,12
4315,8
4314,5
4313,14
4311,6
4263,11
4300,11
4309,10
4308,9
4306,11
4305,8
4304,4
4303,15
4301,12
4299,7
4298,7
4296,14
4258,11
4295,13
4294,33
4293,16
4292,8
4291,6
4290,8
4289,11
4287,5
4257,4
4285,8
4286,15
4284,5
4283,30
4282,7
4281,8
4280,6
4279,17
4200,4
4276,12
4275,15
4274,10
4273,4
4194,7
4256,15
4271,7
4270,8
4269,16
4267,8
4266,15
4190,9
4262,12
4261,5
4260,8
4259,11
4154,8
4251,13
4255,18
4254,7
4253,8
4252,10
4250,17
4249,5
4248,9
4151,9
4247,13
4246,14
4139,8
4245,11
4244,15
4243,11
4235,18
4242,6
4241,10
4240,7
4237,16
4236,23
4232,9
4231,10
4138,10
4230,14
4229,11
4228,6
4227,6
4226,0
4225,11
4224,1
4223,0
4222,1
4221,1
4118,8
4220,9
4219,9
4211,10
4217,9
4218,2
4215,9
4214,8
4212,8
4210,8
4209,16
4207,11
4104,8
4206,11
4205,13
4204,11
4203,10
4202,20
4201,3
4102,7
4199,12
4198,11
4192,11
4197,13
4196,13
4195,7
4193,7
4191,1
4099,7
4189,15
4187,8
4186,15
4185,12
4183,4
4184,10
4182,14
4094,11
4181,7
4174,13
4180,5
4179,13
4178,10
4177,16
4176,5
4175,3
4173,11
4172,15
4093,13
4171,5
4170,19
4169,12
4168,18
4167,5
4166,2
4165,4
4164,12
4086,11
4163,4
4162,8
4161,11
4153,9
4160,9
4159,9
4158,6
4157,8
4156,9
4155,8
4150,8
4149,8
4148,11
4147,9
4073,7
4146,31
4145,14
4144,9
4143,2
4142,1
4141,1
4140,9
4137,2
4071,7
4136,23
4135,8
4134,10
4119,7
4133,11
4132,6
4131,6
4130,20
4129,6
4128,4
4127,23
4125,5
4124,7
4123,11
4122,15
4121,7
4120,13
4117,2
4116,4
4115,4
4070,4
4114,6
4113,15
4110,10
4109,6
4108,9
4107,9
4096,4
4105,12
4103,12
4068,12
4101,9
4100,4
4088,10
4098,9
4097,4
4095,11
4092,14
4091,10
4090,2
4089,5
4016,10
4087,12
4085,3
4084,6
4083,12
4082,11
4080,12
4079,9
4078,2
4075,17
4077,10
4076,5
4074,13
4005,4
4072,7
4063,11
4067,10
4066,24
4065,11
4064,11
4062,5
4061,7
4001,12
4059,7
4058,6
4057,10
4056,14
4055,9
4054,7
4052,9
4053,15
4051,8
4050,10
3967,12
4049,10
4048,10
4043,8
4047,6
4045,11
4044,10
4042,12
4041,7
4040,8
4039,2
4038,5
3963,9
4037,10
4036,10
4035,5
4034,10
4033,12
4032,6
4031,7
4030,15
4029,2
4028,10
4026,7
3935,17
4025,7
4024,9
4023,12
4022,7
4021,10
4020,13
4019,10
4018,5
4017,8
4015,7
4014,14
3932,9
4012,8
4011,5
4010,7
4009,7
4008,14
3995,1
3997,24
4007,8
4006,7
4004,12
3925,10
4003,9
4002,4
3999,5
3998,13
3996,5
3994,3
3993,0
3992,7
3991,4
3990,13
3924,7
3988,5
3985,5
3976,17
3984,0
3983,15
3866,9
3982,17
3981,23
3980,5
3979,11
3978,10
3977,9
3975,9
3974,10
3973,10
3972,14
3971,12
3970,4
3969,9
3968,14
3966,16
3965,11
3964,5
3961,5
3960,7
3858,4
3958,10
3957,14
3956,8
3955,6
3954,4
3953,8
3951,17
3950,3
3949,11
3948,9
3936,11
3947,5
3946,6
3944,16
3945,22
3855,7
2956,10
3943,9
3938,7
3941,7
3939,8
3937,11
3934,11
3933,9
3931,8
3846,9
3930,2
3929,13
3928,10
3927,3
2955,8
3804,10
3926,15
3923,8
3922,6
3921,8
3920,8
3919,11
3918,6
3917,6
3916,10
3915,2
3914,9
3913,10
3912,15
3803,7
3911,11
3910,6
3909,9
3908,14
3907,12
3906,11
3905,9
3904,12
2953,7
3791,1
3903,12
3902,5
3897,7
3901,17
3900,11
3899,16
3898,13
3896,9
3895,6
3894,6
3893,8
3892,1
3891,11
3890,8
3785,7
3889,8
3888,7
3887,6
3886,5
3885,15
3884,17
2952,9
3784,8
3883,3
3882,11
3880,10
3881,7
3878,19
3877,7
3874,14
3876,9
3875,10
3873,10
3872,3
3871,7
3870,7
3869,10
3868,8
3867,3
3776,6
3865,16
3864,6
3863,10
3862,5
3861,17
3860,4
3859,9
3857,9
2951,12
3767,9
3856,12
3854,5
3853,7
3852,5
3851,0
3850,3
3849,12
3848,14
3847,15
3845,4
3844,2
3843,16
3842,7
3841,2
3840,8
3839,7
3838,9
3837,9
3836,10
3835,8
3746,8
3834,6
3833,2
3832,11
3830,9
3829,10
3828,10
3827,13
2950,13
3743,13
3820,12
3824,11
3823,2
3821,34
3819,6
3818,6
3817,14
3816,10
3815,9
3814,12
3813,11
3812,8
3811,12
3810,5
3809,7
3808,17
3807,10
3806,3
3805,7
3718,12
3802,2
3801,10
3800,13
3799,13
3691,7
2949,11
3798,7
3797,8
3796,7
3795,2
3794,18
3793,5
3792,3
3790,12
3789,10
3788,4
3787,14
3786,14
3687,11
3783,15
3782,13
3781,8
3780,7
3779,12
3778,6
3777,12
3665,5
2948,12
3775,8
3774,13
3773,13
3772,18
3762,7
3771,12
3770,9
3769,13
3768,20
3630,9
3766,14
3765,8
3764,13
3763,4
3761,15
3622,8
2947,13
3760,20
3730,8
3759,16
3758,12
3757,6
3756,10
3755,20
3754,23
3753,17
3752,12
3751,11
3750,8
3749,12
3748,16
3747,11
3745,11
3744,19
3742,15
3741,7
3608,9
3738,2
3740,11
3739,25
3737,15
3736,15
3735,8
3734,11
3733,13
3732,5
3731,12
3729,5
3728,15
3727,10
2946,8
3553,10
3725,6
3724,10
3711,9
3723,6
3721,10
3720,11
3719,12
3717,7
3716,4
3715,6
3714,3
3713,11
3531,12
3712,3
3710,6
3709,6
3708,6
3707,1
3706,4
3705,5
3704,6
3703,8
3702,6
3701,5
3700,7
3699,5
3698,13
3697,15
3696,6
3695,6
3694,8
3579,10
3693,9
3692,11
3690,18
3689,8
3688,5
3686,8
3685,6
3684,4
3683,5
3682,14
3681,5
3680,4
3679,6
3678,7
3677,9
3676,6
3675,4
3674,7
2945,18
3559,7
3673,9
3672,12
3671,11
3670,9
3669,5
3668,4
3667,8
3666,5
3664,18
3663,4
3662,2
3661,12
3660,3
3644,4
3659,2
3658,5
3657,9
3656,8
3655,12
3654,27
3653,9
3652,8
3651,6
3650,4
3649,8
3648,4
3646,5
3554,10
3645,3
3643,5
3642,5
3641,14
3640,16
3639,7
3638,10
3636,7
2944,12
3580,8
3635,13
3634,5
3633,15
3632,13
3631,10
3629,9
3628,11
3547,6
3627,17
3626,20
3625,6
3624,3
3623,9
2943,8
3530,10
3621,9
3620,16
3619,5
3618,12
3617,17
3616,15
3615,7
3614,13
3613,11
3612,11
3611,3
3610,9
3492,21
3609,3
3607,21
3606,12
3605,12
3604,2
3603,2
3602,3
3601,3
3522,12
3600,1
3599,6
3598,10
3597,1
3596,10
3595,6
3594,7
3593,12
3592,14
3591,12
3590,7
3589,4
3588,13
2942,5
3513,9
3587,14
3586,9
3585,12
3584,4
3549,14
3583,11
3582,8
3581,7
3505,9
3578,11
3577,11
3576,13
3575,13
3574,5
3565,8
3573,14
2941,7
3500,8
3572,9
3571,3
3536,7
3570,5
3569,9
3567,1
3568,16
3566,7
3489,33
3564,11
3563,8
3562,8
3561,8
3560,7
3558,13
3557,6
3556,3
2903,13
3482,10
3552,9
3551,9
3550,0
3548,7
3461,15
3545,18
3544,7
3543,16
3542,15
3541,30
3475,5
3540,12
3539,3
3538,9
3537,11
3535,29
3533,9
3532,8
2901,12
3455,11
3529,12
3528,5
3527,6
3526,11
3525,8
3524,9
3523,15
3521,11
3520,10
3412,10
3517,10
3516,8
3515,8
3427,8
3514,3
3512,12
3511,5
3510,10
3509,15
3507,10
3506,9
3504,18
3499,9
2902,16
3426,15
3503,10
3502,6
3501,5
3497,11
3496,7
3415,11
3495,8
3494,12
3201,10
3491,12
3490,9
3488,14
3487,15
3486,16
3484,0
2900,9
3413,15
3483,12
3481,10
3480,6
3479,5
3478,18
3477,12
3476,16
3474,8
3473,6
3472,5
3471,5
3470,8
3469,12
3468,13
3410,8
3467,6
3200,10
3466,30
3465,14
3464,10
2899,9
3322,21
3463,13
3462,24
3460,15
3459,15
3458,6
3457,17
3454,3
3453,6
3452,3
3296,8
3451,9
3450,11
3199,10
3449,19
3448,12
3447,10
3446,15
3445,13
3444,6
3443,5
2898,8
3228,5
3442,6
3440,6
3439,7
3438,9
3437,10
3436,8
3435,9
3434,8
3433,6
3432,7
3431,7
3430,12
3429,13
3428,9
3425,11
3424,7
3255,6
3423,9
3422,19
3198,9
3421,1
3420,6
3419,3
3418,13
2897,9
3229,9
3417,6
3416,5
3414,3
3411,12
3409,13
3408,14
3407,10
3406,6
3226,20
3405,23
3197,9
3404,17
3403,10
3402,18
3401,16
3400,13
3399,10
3398,13
3397,8
3396,1
3395,12
3394,8
3393,6
3392,8
3391,12
3390,13
2896,13
3223,12
3389,11
3387,11
3386,6
3385,8
3384,7
3383,6
3382,12
3381,12
3380,11
3196,6
3374,17
3373,26
3372,20
3371,1
3370,16
3369,2
3368,1
3367,11
3366,7
3365,14
3364,1
3363,1
3362,18
3361,2
2894,9
3207,5
3360,11
3359,8
3358,4
3356,12
3355,10
3353,15
3352,2
3351,10
3350,13
3349,9
3347,8
3346,2
3345,10
3202,13
3344,4
3343,8
3342,9
3341,9
3340,10
3339,11
3338,12
3337,12
3336,17
3335,13
3334,2
3333,3
2893,9
3195,4
3332,4
3331,1
3330,12
3329,3
3328,2
3326,3
3323,1
3324,1
3325,5
3321,11
3320,8
3319,16
3318,10
3317,36
3172,5
3316,10
3315,8
3314,13
3313,7
3312,8
3194,12
3311,10
3310,14
3309,3
3308,10
3307,6
3306,7
2892,12
3166,13
3305,9
3303,20
3302,13
3301,1
3300,9
3299,12
3298,12
3297,12
3162,4
3193,12
3293,6
3295,6
3294,19
3292,2
2891,17
3160,7
3291,12
3290,16
3289,7
3288,11
3287,10
3286,6
3285,9
3284,7
3283,9
3282,11
3158,11
3281,10
3280,5
3192,17
3279,1
3278,6
3277,11
3276,13
3275,10
2889,17
3153,7
3274,10
3273,28
3272,16
3271,11
3270,8
3269,9
3268,8
3267,10
3266,12
3265,14
3264,11
3263,15
3262,12
3126,10
3191,17
3261,12
3260,4
3259,17
3258,11
3257,13
3125,11
2888,11
3256,7
3254,6
3253,17
3252,8
3251,14
3250,10
3249,6
3248,9
3247,15
3242,15
3246,10
3245,8
3244,7
3124,19
3190,10
3243,6
3241,12
3239,10
3238,13
3122,14
2886,12
3237,11
3236,16
3235,7
3234,13
3233,19
3232,5
3231,15
3230,8
3118,4
3189,10
3227,18
3225,15
3224,3
3119,11
2885,9
3222,6
3221,17
3220,19
3218,13
3217,13
3216,16
3215,10
3214,16
3213,4
3212,19
3211,10
3210,9
3116,9
3209,13
3159,8
3208,9
3088,4
2884,10
3206,11
3205,20
3204,3
3203,14
3188,8
3187,14
3082,12
3186,10
3185,17
3114,8
3183,10
3182,13
3181,11
3180,18
3179,9
3178,12
3177,22
3176,9
3175,7
3174,6
3173,11
3171,5
3079,6
2887,7
3169,4
3168,22
3165,14
3163,13
3161,8
3059,7
3112,8
3157,9
3156,8
3155,13
3154,11
2862,10
3058,5
3152,16
3151,4
3150,6
3149,11
3148,3
3147,10
3146,17
2981,11
3111,9
3145,7
3144,9
3143,12
3142,9
3141,13
3140,13
3139,21
2861,13
2980,12
3138,13
3137,32
3136,4
3135,18
3134,4
3133,9
3132,11
3025,6
3131,11
3110,17
3129,9
3128,17
3127,11
2860,12
3003,6
3123,10
3121,11
3120,16
3117,24
3115,15
3113,12
3109,9
3108,19
3107,10
3106,7
3105,12
3104,20
3103,13
2979,9
3102,8
3101,3
3100,6
3099,10
3098,12
3096,15
2858,16
3002,9
3095,23
3094,11
3093,13
3092,8
3091,17
3090,10
3089,12
3043,12
3087,7
3086,26
3085,9
3084,17
3083,10
2857,18
2978,9
3081,15
3078,15
3077,6
3076,10
3075,15
3074,14
3073,11
3072,7
3070,7
3001,11
3069,7
3068,12
3067,11
3066,9
3065,9
3064,0
3063,12
3062,2
2856,13
3028,14
3061,12
3060,12
3057,24
3056,8
3055,11
3054,13
3000,11
2993,9
3053,7
3052,5
3051,8
3050,9
3049,9
3048,24
3047,8
2855,6
2985,10
3046,9
3045,17
2976,9
3044,10
3042,10
3041,17
3040,21
2968,9
3039,5
3038,9
3037,3
3036,10
3035,8
3034,7
2967,7
3033,9
2854,10
3031,11
3030,19
3029,9
3027,8
3026,10
3024,10
3023,7
2965,7
2963,7
3022,7
3019,1
3020,4
3017,11
3014,9
3016,7
3015,9
3013,9
3012,13
3011,8
3010,7
2957,7
3008,7
3007,7
3006,2
3005,4
3004,10
2999,17
2998,7
2997,5
2996,4
2995,7
2994,6
2954,14
2974,12
2937,15
2990,4
2992,9
2991,18
2989,11
2988,16
2986,8
2984,11
2983,14
2977,13
2975,16
2830,8
2973,9
2972,9
2936,8
2970,7
2969,14
2966,8
2890,15
2964,5
2911,8
2881,10
2958,12
2962,6
2961,11
2960,13
2959,7
2869,4
2829,14
2940,9
2939,19
2938,13
2851,12
2773,9
2848,11
2920,6
2935,5
2934,8
2933,22
2932,9
2931,9
2930,9
2929,6
2928,11
2927,20
2926,8
2925,11
2924,19
2923,7
2922,12
2828,12
2921,7
2849,20
2919,1
2918,13
2917,12
2916,16
2915,13
2914,13
2913,15
2912,20
2847,11
2910,12
2909,10
2907,4
2772,9
2842,8
2895,8
2906,9
2905,11
2904,10
2827,8
2883,8
2797,7
2880,9
2879,8
2878,8
2800,24
2877,5
2875,8
2874,6
2745,12
2873,16
2831,9
2852,6
2872,2
2871,12
2870,18
2868,13
2867,12
2866,5
2864,14
2863,8
2859,2
2826,15
2846,9
2850,0
2798,11
2845,10
2844,9
2843,10
2839,11
2743,15
2841,14
2817,8
2840,12
2833,15
2838,10
2836,9
2835,9
2825,25
2824,9
2823,10
2822,12
2821,28
2818,13
2789,7
2816,12
2815,13
2780,15
2813,13
2770,11
2741,14
2812,16
2807,1
2808,5
2811,10
2810,11
2806,9
2805,10
2804,7
2803,11
2802,18
2801,16
2775,17
2799,12
2779,10
2796,13
2788,15
2795,19
2794,16
2793,16
2792,6
2791,10
2777,11
2790,10
2786,9
2784,8
2738,11
2787,10
2785,17
2783,11
2782,12
2781,8
2778,11
2774,9
2767,8
2771,14
2769,18
2766,11
2765,14
2764,11
2763,12
2729,13
2762,24
2761,6
2757,21
2756,19
2755,8
2754,11
2753,14
2752,14
2751,13
2750,14
2749,10
2748,16
2747,10
2742,6
2746,13
2744,13
2740,11
2739,10
2736,4
2728,8
2737,6
2735,12
2734,9
2733,9
2732,15
2731,21
2730,18
2726,10
2725,10
2724,9
2723,9
2722,14
2721,15
2720,22
2719,4
2718,25
2717,10
2716,15
2715,3
2714,22
2713,14
2712,19
2711,9
2710,23
2709,20
2708,18
2707,8
2706,13
2705,8
2704,11
2703,10
2702,17
2701,10
2700,7
2699,15
2698,10
2697,17
2696,13
2694,10
2693,16
2692,15
2690,14
2689,6
2688,10
2687,17
2686,18
2685,11
2684,8
2683,11
2682,13
2681,11
2680,7
2679,12
2678,6
2677,15
2676,15
2675,20
2674,21
2673,10
2672,11
2671,22
2670,11
2669,9
2668,12
2667,20
2666,11
2665,15
2664,17
2663,8
2662,10
2661,7
2660,11
2659,15
2658,5
2657,13
2656,10
2655,9
2654,6
2653,12
2652,21
2651,13
2650,16
2649,41
2648,23
2647,13
2646,9
2645,10
2644,4
2643,8
2640,12
2639,11
2638,14
2637,23
2635,16
2634,5
2633,9
2632,8
2631,16
2630,14
2629,15
2628,6
2627,6
2626,7
2625,5
2624,2
2623,5
2622,12
2621,17
2620,12
2619,10
2618,11
2617,14
2616,5
2615,14
2614,17
2613,7
2612,24
2611,6
2610,4
2609,7
2608,3
2607,19
2606,8
2605,5
2604,10
2603,12
2602,19
2601,1
2600,12
2598,17
2597,16
2595,20
2594,14
2588,12
2593,6
2592,7
2591,11
2590,32
2589,13
2564,14
2587,4
2586,12
2585,16
2584,13
2583,18
2582,10
2581,7
2580,14
2579,4
2578,4
2577,10
2576,9
2575,10
2573,9
2572,14
2571,11
2522,8
2560,13
2570,8
2569,6
2568,5
2567,15
2566,9
2565,11
2563,6
2561,15
2559,8
2558,19
2557,11
2556,12
2555,11
2521,7
2554,21
2553,25
2552,10
2550,5
2549,11
2548,11
2547,13
2536,2
2546,6
2545,10
2542,7
2543,18
2544,10
2540,15
2539,19
2538,17
2537,13
2502,8
2535,33
2534,7
2533,20
2532,6
2531,10
2530,12
2529,8
2528,42
2527,13
2526,4
2525,1
2524,1
2523,8
2520,19
2519,6
2518,8
2517,11
2516,6
2515,10
2514,8
2513,15
2512,11
2511,14
2510,18
2483,9
2509,8
2507,21
2508,43
2506,6
2505,16
2504,8
2503,9
2501,11
2500,15
2499,13
2498,13
2497,12
2496,16
2494,22
2493,32
2492,4
2491,8
2490,13
2489,10
2488,22
2487,3
2486,12
2485,7
2484,14
2482,24
2481,17
2480,8
2479,4
2478,9
2477,16
2476,13
2475,7
2474,9
2465,8
2473,13
2472,5
2471,14
2470,12
2469,19
2452,7
2468,9
2467,20
2466,10
2464,12
2463,9
2462,8
2461,12
2460,20
2459,6
2451,13
2458,10
2457,8
2456,7
2455,12
2454,10
2453,7
2450,11
2449,8
2448,5
2447,13
2438,8
2446,13
2445,24
2444,7
2443,11
2442,10
2441,3
2440,13
2434,11
2439,9
2437,12
2436,14
2435,19
2433,23
2431,16
2430,11
2429,8
2428,6
2427,12
2426,14
2425,12
2424,15
2423,8
2422,9
2421,10
2419,14
2418,13
2417,16
2416,10
2415,13
2414,7
2413,14
2412,16
2411,13
2410,11
2409,14
2408,15
2407,12
2406,22
2405,5
2400,9
2404,14
2403,7
2402,15
2401,16
2399,5
2398,6
2397,9
2396,7
2395,17
2394,11
2393,15
2392,15
2391,7
2386,9
2361,12
2390,3
2389,7
2388,7
2387,9
2385,11
2384,12
2383,14
2382,7
2381,7
2360,9
2380,8
2379,9
2378,14
2369,3
2370,2
2377,27
2376,14
2375,11
2374,11
2373,7
2372,17
2249,16
2371,17
2359,10
2368,5
2367,3
2366,24
2365,8
2364,15
2363,7
2247,11
2250,19
2362,13
2294,9
2358,9
2357,14
2356,15
2355,11
2354,14
2353,16
2352,7
2248,8
2349,12
2341,15
2351,7
2350,8
2271,14
2348,18
2347,4
2346,10
2345,18
2344,8
2343,9
2342,1
2340,11
2246,8
2222,8
2339,9
2338,16
2337,6
2336,9
2335,12
2334,7
2333,14
2332,5
2245,13
2331,9
2330,6
2223,10
2327,19
2329,9
2328,22
2326,12
2325,11
2324,13
2323,12
2244,11
2322,11
2321,14
2241,16
2219,11
2320,7
2319,37
2240,16
2318,32
2317,14
2316,15
2315,11
2313,12
2312,16
2311,10
2310,11
2309,13
2243,10
2209,7
2308,15
2307,6
2306,12
2305,3
2304,12
2303,5
2302,6
2301,7
2300,22
2200,2
2272,9
2299,8
2298,16
2192,8
2297,17
2296,8
2295,53
2293,11
2292,12
2291,8
2290,13
2289,9
2288,12
2287,20
2262,14
2286,8
2284,14
2285,11
2207,4
2282,8
2281,11
2280,6
2279,3
2278,20
2277,12
2276,5
2275,9
2274,15
2273,5
2261,20
2254,10
2270,14
2269,4
2193,9
2268,11
2267,1
2265,14
2264,12
2263,4
2260,17
2259,10
2258,6
2257,13
2253,9
2256,14
2252,8
2255,14
2161,11
2251,13
2233,8
2242,12
2239,9
2238,7
2237,10
2178,12
2236,12
2235,8
2234,2
2232,11
2231,16
2230,12
2229,12
2171,8
2199,4
2228,8
2174,8
2215,8
2227,0
2226,11
2225,13
2224,8
2198,9
2221,8
2220,7
2218,13
2164,8
2217,28
2216,12
2214,10
2213,16
2212,18
2211,11
2210,9
2208,5
2197,11
2162,12
2206,15
2203,7
2202,8
2187,15
2201,2
2170,12
2196,14
2195,14
2194,11
2160,6
2191,17
2190,10
2189,5
2188,9
2186,25
2185,10
2184,17
2183,4
2182,7
2107,13
2181,12
2180,8
2179,9
2177,10
2159,9
2176,12
2175,31
2173,15
2172,11
2169,15
2168,3
2167,14
2166,17
2165,14
2163,17
2154,9
2158,10
2157,11
2156,20
2155,13
2153,11
2146,16
2152,11
2106,8
2151,15
2150,23
2149,6
2148,12
2147,8
2123,6
2145,11
2144,12
2142,12
2141,7
2140,14
2139,20
2138,17
2137,13
2136,16
2135,1
2075,9
2132,11
2134,12
2133,12
2131,10
2121,10
2130,14
2129,12
2094,10
2128,11
2127,24
2126,27
2124,13
2122,6
2120,9
2119,10
2118,8
2117,11
2116,8
2115,13
2114,9
2113,14
2112,4
2111,13
2110,8
2109,20
2108,5
2104,8
2103,3
2101,3
2100,4
2099,2
2098,1
2097,2
2096,3
2102,15
2095,9
2093,11
2092,6
2071,7
2091,5
2090,5
2089,9
2088,10
2074,8
2087,13
2086,9
2085,13
2084,22
2059,14
2083,13
2082,21
2081,3
2080,8
2079,7
2078,8
2077,13
2076,2
2066,11
2073,21
2049,8
2072,8
2068,2
2070,9
2069,7
2067,7
2065,8
2064,9
2063,16
2062,9
2061,6
2060,11
2022,8
2058,17
2057,13
2056,21
2055,11
2054,14
2053,24
2052,12
2051,14
2017,11
2050,9
2048,21
2047,5
2046,1
2045,15
2044,15
2043,15
2042,4
2041,18
2040,10
2039,10
1990,10
2038,15
2037,19
2036,6
2035,15
2034,10
2033,15
2032,10
2031,12
2030,1
2029,3
2028,6
2027,6
2026,0
1973,9
2025,16
2024,9
2023,8
2021,16
2020,8
2019,11
2018,9
2016,9
2015,8
2014,11
1946,11
2013,15
2012,3
2011,2
2010,10
2009,13
2008,16
2007,16
2006,13
2005,5
2004,5
2003,3
2002,6
2001,5
2000,3
1999,5
1998,3
1997,5
1996,4
1995,7
1994,5
1945,3
1993,5
1992,5
1991,10
1989,7
1988,14
1987,17
1986,14
1925,10
1985,16
1984,21
1983,6
1982,7
1981,23
1980,12
1979,9
1978,17
1977,16
1976,12
1966,17
1975,3
1974,10
1924,10
1972,19
1971,11
1970,10
1969,15
1968,8
1967,13
1962,3
1963,1
1964,4
1965,1
1961,9
1960,13
1958,7
1869,6
1957,12
1956,6
1955,20
1954,15
1953,16
1952,3
1947,13
1951,2
1949,10
1850,5
1948,11
1942,6
1944,11
1943,19
1941,11
1940,8
1939,13
1938,7
1937,14
1929,11
1930,15
1931,9
1932,12
1933,4
1936,6
1934,12
1868,8
1928,28
1927,9
1926,11
1923,11
1922,12
1921,16
1920,12
1919,24
1918,19
1917,27
1916,18
1915,12
1914,25
1913,19
1912,14
1911,17
1910,7
1909,5
1903,20
1908,15
1907,11
1906,20
1905,6
1904,7
1866,7
1902,24
1901,22
1900,6
1899,6
1898,11
1897,14
1896,9
1893,13
1892,10
1891,9
1890,12
1889,42
1888,16
1887,26
1886,7
1885,10
1843,9
1884,4
1883,10
1882,10
1881,14
1880,10
1879,12
1878,8
1877,14
1876,12
1875,20
1874,2
1873,22
1872,5
1871,4
1849,13
1870,16
1867,20
1865,14
1863,6
1861,8
1864,19
1857,8
1862,9
1860,10
1859,6
1858,5
1856,22
1855,41
1854,22
1853,24
1852,21
1851,10
1848,12
1847,16
1846,35
1845,15
1844,12
1842,6
1841,3
1840,27
1839,11
1838,25
1837,5
1836,16
1835,8
1823,6
1834,11
1833,14
1831,5
1832,5
1830,9
1829,13
1828,8
1827,5
1826,8
1825,14
1824,23
1752,8
1822,12
1821,9
1820,9
1819,10
1818,22
1817,7
1816,12
1815,12
1751,14
1814,15
1813,9
1812,24
1811,11
1810,9
1809,14
1808,13
1807,15
1806,7
1805,11
1804,6
1803,16
1802,14
1801,9
1800,9
1799,6
1798,7
1797,8
1796,16
1795,10
1794,4
1793,6
1792,10
1791,14
1775,6
1790,22
1789,23
1788,14
1787,3
1786,6
1785,2
1784,2
1783,4
1782,10
1781,16
1780,20
1779,17
1778,1
1777,10
1776,3
1774,12
1773,10
1772,13
1771,8
1768,11
1770,7
1769,6
1767,14
1766,9
1750,21
1759,13
1765,15
1764,8
1763,15
1762,10
1761,16
1760,7
1758,10
1746,8
1707,0
1757,19
1756,29
1755,13
1754,20
1753,10
1740,6
1749,13
1748,11
1730,1
1745,5
1747,21
1695,11
1705,0
1744,19
1743,12
1742,12
1741,11
1739,16
1731,11
1738,10
1737,12
1736,8
1735,17
1734,19
1728,18
1729,9
1733,9
1732,20
1694,6
1703,2
1727,10
1726,7
1725,10
1724,11
1723,5
1722,6
1721,13
1720,6
1719,15
1718,5
1717,10
1716,8
1715,18
1714,8
1712,10
1713,10
1711,12
1710,4
1704,15
1709,13
1708,8
1692,6
1706,19
1702,6
1701,11
1700,8
1699,10
1697,21
1698,6
1696,10
1693,10
1691,11
1685,15
1690,8
1689,7
1686,9
1688,1
1687,19
1684,12
1683,4
1682,10
1681,21
1680,27
1679,17
1678,16
1677,11
1676,8
1675,14
1674,12
1673,10
1672,5
1671,8
1670,9
1669,0
1668,1
1667,0
1666,1
1665,3
1662,11
1664,7
1663,3
1567,8
1661,5
1660,2
1659,2
1658,1
1657,2
1656,2
1655,3
1654,5
1653,6
1652,6
1651,2
1650,1
1649,1
1648,0
1647,2
1646,1
1645,8
1644,1
1643,1
1642,2
1641,1
1640,0
1639,2
1638,1
1637,2
1636,1
1635,2
1634,1
1633,1
1632,11
1631,2
1630,3
1629,39
1628,8
1627,6
1626,11
1624,10
1623,12
1622,4
1621,15
1619,9
1618,7
1617,23
1616,20
1615,10
1614,10
1605,9
1612,10
1611,7
1610,14
1609,8
1564,11
1607,3
1604,9
1603,11
1602,16
1601,19
1600,11
1599,10
1598,3
1596,5
1592,11
1591,12
1590,10
1589,10
1588,21
1587,10
1586,11
1585,17
1584,16
1575,7
1581,13
1583,10
1582,14
1557,11
1580,22
1579,9
1578,24
1576,10
1574,15
1573,15
1572,26
1571,8
1570,9
1569,6
1566,22
1565,17
1560,6
1563,22
1547,7
1562,9
1561,13
1559,9
1558,7
1556,8
1555,2
1554,10
1553,21
1552,13
1551,7
1550,6
1549,11
1548,9
1546,14
1545,18
1544,7
1541,12
1542,17
1543,8
1540,13
1539,2
1538,22
1537,10
1536,8
1535,13
1534,7
1533,4
1532,7
1531,13
1530,8
1529,14
1527,7
1526,21
1508,17
1518,20
1525,22
1524,8
1523,4
1522,12
1521,14
1520,14
1519,11
1517,14
1516,18
1515,7
1514,9
1513,13
1512,10
1511,8
1510,17
1509,19
1507,16
1467,7
1506,11
1479,8
1505,14
1504,11
1503,6
1502,12
1501,4
1500,19
1499,9
1491,20
1498,7
1497,16
1496,9
1494,3
1493,7
1492,6
1490,7
1489,12
1488,9
1465,6
1487,4
1478,8
1484,3
1486,10
1485,5
1481,12
1483,14
1482,10
1480,16
1256,7
1476,12
1477,11
1474,6
1473,9
1472,6
1471,11
1470,7
1464,24
1469,13
1468,11
1466,34
1463,11
1462,20
1449,10
1460,9
1459,9
1461,6
1458,19
1457,7
1456,11
1455,13
1405,19
1406,7
1454,9
1453,4
1452,9
1451,14
1450,7
1447,6
1420,13
1445,13
1448,8
1446,4
1421,5
1444,5
1443,12
1442,4
1441,12
1440,12
1439,14
1437,12
1436,13
1435,14
1434,8
1432,9
1431,6
1430,9
1429,8
1428,9
1427,7
1426,6
1425,4
1424,8
1423,4
1422,3
1419,9
1418,23
1417,6
1416,13
1415,13
1414,7
1413,6
1412,9
1410,20
1409,5
1408,3
1407,9
1404,14
1403,11
1402,17
1401,9
1400,14
1343,5
1399,11
1398,14
1397,8
1396,21
1395,7
1394,19
1393,13
1392,7
1391,7
1390,17
1389,18
1388,8
1386,14
1385,7
1384,28
1383,14
1235,6
1382,12
1373,3
1381,7
1380,5
1379,5
1378,10
1377,6
1376,11
1375,13
1374,7
1368,11
1372,15
1371,6
1370,8
1369,7
1366,6
1365,6
1364,14
1363,3
1286,14
1362,5
1360,17
1359,8
1299,12
1358,14
1357,10
1356,13
1355,10
1354,11
1353,9
1352,18
1351,15
1350,18
1348,13
1349,24
1347,16
1346,8
1345,8
1344,8
1298,7
1342,7
1340,15
1339,7
1338,4
1337,5
1336,5
1335,6
1334,7
1333,19
1332,8
1331,18
1330,13
1329,11
1328,6
1255,10
1254,13
1253,12
1327,11
1326,13
1325,13
1324,16
1323,19
1315,13
1316,6
1317,6
1318,4
1322,15
1321,9
1320,22
1297,6
1319,10
1314,27
1313,20
1312,18
1311,12
1310,2
1309,26
1308,8
1307,8
1306,14
1305,21
1304,16
1303,13
1302,8
1301,18
1300,9
1289,1
1275,13
1296,12
1295,5
1294,15
1293,24
1292,12
1291,13
1290,10
1288,6
1285,10
1284,11
1283,12
1282,6
1281,14
1280,4
1279,13
1278,13
1252,13
1251,9
1277,7
1276,19
1274,5
1273,21
1272,12
1271,60
1270,22
1269,16
1268,29
1250,7
1267,6
1266,11
1265,14
1264,12
1263,3
1262,11
1258,2
1261,14
1260,8
1259,33
1257,7
1249,9
1248,10
1247,4
1246,5
1244,7
1245,11
1243,12
1242,9
1241,10
1240,12
1239,12
1238,21
1237,17
1234,5
1236,15
1230,13
1233,25
1232,12
1231,10
1229,5
1228,11
1227,9
1226,4
1225,8
1224,8
1223,15
1222,7
1221,12
1220,27
1218,11
1217,6
1216,9
1215,10
1214,12
1213,18
1212,13
1211,10
1210,10
1209,13
1208,21
1207,9
1206,11
1205,29
1203,12
1175,8
1202,13
1201,10
1200,31
1199,17
1198,3
1197,20
1196,10
1195,10
1194,33
1193,14
1192,3
1191,12
1190,16
1189,11
1188,2
1187,14
1186,2
1185,1
1184,5
1183,10
1182,9
1181,17
1180,16
1174,6
1179,50
1178,29
1177,21
1176,26
1173,11
1172,2
1171,33
1170,13
1169,11
1168,14
1167,15
1063,17
1064,19
1166,11
1165,9
1164,7
1163,12
1159,8
1162,6
1161,5
1160,8
1158,13
1157,14
1156,16
1155,8
1153,9
1062,42
1151,8
1152,16
1150,11
1149,8
1148,8
1144,12
1140,4
1147,14
1146,14
1145,14
1143,19
1142,28
1141,11
1139,9
1138,4
1137,4
1136,7
1135,17
1134,21
1133,14
1131,15
1130,9
1129,10
1128,15
1127,21
1126,18
1125,11
1061,5
1124,5
1123,12
1122,11
1121,20
1120,16
1115,8
1116,6
1117,3
1118,1
1119,7
1114,12
1113,13
1112,22
1111,12
1110,11
1109,12
1108,11
1107,8
1106,12
1060,14
1105,5
1104,12
1103,14
1102,7
1101,13
1100,10
1099,19
1098,18
1087,5
1097,25
1096,27
1095,16
1094,8
1093,11
1092,18
1090,11
1089,12
1088,14
1086,30
1085,15
1084,11
1083,10
1082,4
1081,2
1059,14
1080,23
1079,7
1078,17
1077,4
1076,17
1075,11
1070,25
1074,13
1073,9
1072,40
1071,25
1069,9
1068,4
1067,13
1066,15
1057,13
1058,16
1065,7
1049,3
1050,15
1051,5
1056,3
1055,18
1054,13
1053,12
1031,15
1052,23
1048,8
1047,13
1046,9
1045,10
1044,14
1043,18
1042,22
1041,12
1040,21
1039,18
1038,4
1037,14
1036,11
1035,24
1034,18
1033,9
1024,4
1032,3
1030,7
1029,8
1028,20
1027,8
1026,12
1025,23
1023,23
1022,10
1021,19
1020,13
1019,13
1018,10
1017,18
1016,1
1015,0
1014,1
1013,9
1012,17
1011,12
1010,12
1009,13
1008,7
1007,3
1006,6
1005,12
1004,14
1003,9
1002,7
1001,13
1000,14
996,9
999,5
997,13
995,15
994,10
993,9
992,5
991,29
990,13
989,23
988,8
987,17
986,14
985,22
984,10
983,5
976,38
982,13
981,5
980,25
979,28
978,36
977,14
975,22
974,5
973,13
972,8
971,4
970,11
969,14
968,8
967,13
966,16
965,7
964,15
963,40
962,13
961,13
957,15
959,12
958,16
955,21
956,10
953,7
954,8
952,17
951,18
950,7
949,17
948,17
947,12
946,29
945,24
944,12
943,10
942,16
940,18
939,6
938,14
937,8
809,18
936,15
935,8
444,17
445,9
446,23
447,11
934,5
933,9
932,4
931,12
930,11
929,14
928,27
926,13
925,21
923,6
922,5
921,5
920,6
919,5
918,3
917,4
916,5
915,18
914,14
913,21
911,12
910,16
909,17
859,5
908,20
907,25
906,10
905,5
904,5
903,3
902,0
901,3
900,2
899,10
898,1
897,4
896,6
895,2
894,11
893,8
892,7
891,23
728,7
890,12
889,14
888,10
886,18
885,3
884,14
883,19
882,7
881,5
847,35
880,9
879,17
878,6
877,5
876,6
875,6
874,14
873,12
872,11
871,3
870,1
869,6
867,9
865,7
864,7
863,6
734,7
862,21
861,15
860,11
858,9
857,49
845,7
856,13
855,4
854,9
853,10
852,10
851,7
850,21
849,9
848,26
846,13
844,6
843,27
842,13
841,15
840,5
839,11
838,7
837,13
836,12
835,14
834,12
733,21
833,7
832,10
831,16
829,8
830,8
807,19
828,6
827,9
826,10
825,12
824,7
823,10
822,12
821,1
820,9
819,4
818,15
817,13
816,15
815,18
814,12
729,6
813,10
812,9
811,11
810,5
806,11
808,4
735,14
805,6
804,12
803,6
802,3
801,13
800,16
799,10
798,15
797,18
794,3
795,0
796,1
793,5
792,6
579,5
789,6
791,14
790,15
788,17
787,10
786,8
785,10
784,11
780,18
782,2
781,0
779,11
772,10
771,7
768,9
717,6
778,5
777,37
776,20
775,16
774,7
773,3
767,11
765,8
766,9
764,14
763,4
762,7
760,21
759,23
758,6
757,7
756,9
755,17
754,16
753,18
752,0
751,11
750,8
749,3
578,8
748,10
747,14
746,11
745,8
740,26
744,3
743,2
701,9
742,4
741,14
739,4
738,28
737,12
736,8
732,8
731,17
730,5
727,7
726,4
725,11
724,13
723,15
722,25
721,6
720,10
719,16
718,6
505,5
716,10
714,12
713,7
712,12
711,5
710,5
709,12
702,10
708,5
707,14
639,9
706,4
705,5
704,6
703,2
700,9
699,13
698,16
697,6
696,11
695,7
694,12
693,10
504,9
692,14
691,17
690,10
689,14
688,11
644,13
687,8
686,7
685,11
683,10
682,11
681,16
680,2
679,5
678,5
638,4
677,11
676,9
674,7
673,14
672,14
671,22
670,15
669,11
668,11
666,10
665,6
664,7
663,12
662,1
661,0
660,2
659,1
658,3
657,6
656,5
655,25
654,11
653,8
652,5
651,6
650,9
649,9
551,8
502,13
647,7
646,13
645,13
643,16
617,7
642,15
641,10
637,11
636,6
635,9
634,14
633,6
632,11
631,23
630,6
629,8
628,5
627,32
626,12
625,11
624,9
623,7
622,17
621,8
620,9
619,21
618,9
616,12
615,10
614,21
613,10
501,8
612,16
609,16
611,10
610,51
608,22
607,14
606,9
605,6
604,8
603,19
602,10
601,10
600,7
599,13
598,6
597,14
596,9
584,6
595,3
594,10
593,12
592,10
591,0
590,2
589,1
583,8
588,6
587,1
586,17
585,7
581,5
580,6
577,13
576,8
575,1
574,23
547,12
573,23
572,0
571,10
570,10
569,18
568,8
567,18
500,17
566,11
561,15
565,15
564,7
554,13
563,8
562,11
560,9
559,7
558,8
557,11
556,17
555,9
553,13
552,6
550,11
549,5
548,0
546,10
545,4
544,18
543,5
542,10
538,14
537,22
536,17
535,10
534,11
533,12
532,7
531,9
530,17
499,15
529,1
528,6
527,15
526,10
525,12
513,12
524,8
523,14
522,13
521,7
520,10
519,8
518,19
517,1
516,4
515,12
514,17
512,8
511,13
510,8
509,19
508,12
507,9
506,11
498,6
497,23
496,16
495,20
494,18
493,4
492,19
491,13
490,9
489,6
488,9
487,8
486,19
485,9
484,9
483,20
482,11
481,8
480,17
479,13
478,13
477,4
476,7
475,7
474,6
473,5
472,15
471,9
470,9
469,5
468,10
467,7
466,16
465,7
464,7
463,7
462,11
349,5
461,5
460,7
459,17
458,7
457,25
456,6
455,9
454,4
436,8
453,12
452,9
451,10
450,8
449,11
448,13
443,9
442,7
441,14
440,7
439,17
438,37
437,10
435,12
434,8
433,5
432,33
431,6
430,24
429,11
428,10
427,10
426,0
425,9
379,15
378,7
377,5
376,10
424,13
423,5
422,8
421,7
420,4
418,10
417,10
416,4
415,9
414,11
412,8
411,11
410,16
409,12
408,11
407,3
406,2
405,6
404,6
403,8
402,8
401,6
400,3
399,15
398,23
397,5
396,9
395,4
394,9
393,11
392,8
391,15
390,6
389,3
388,12
387,10
385,11
386,15
384,10
383,9
382,19
381,15
375,16
374,9
346,7
373,8
372,11
371,12
369,3
368,12
367,5
366,10
365,6
364,12
363,11
362,10
361,7
359,7
358,16
357,5
356,12
355,9
354,10
353,18
352,9
351,4
350,7
348,3
345,8
344,12
343,7
342,2
341,5
340,13
339,12
338,6
337,9
336,4
335,2
334,5
333,5
332,3
331,3
330,7
328,11
327,6
326,2
325,7
324,4
323,4
322,6
321,8
320,4
319,3
318,8
317,8
316,9
315,5
314,7
313,4
312,7
311,6
310,5
309,4
308,3
307,7
306,3
304,11
303,9
302,16
301,9
299,10
300,10
296,10
295,10
293,10
298,6
292,16
291,14
281,14
289,15
192,9
290,18
294,12
288,14
287,13
286,13
285,30
284,9
283,8
282,14
280,12
279,10
278,22
277,8
276,12
275,15
274,15
273,11
272,25
271,14
270,11
269,19
268,5
267,8
244,33
266,39
265,12
260,19
264,21
263,14
262,9
261,10
259,11
258,6
257,7
256,8
255,6
254,10
253,8
252,9
251,45
250,10
249,8
248,10
247,17
246,6
245,10
243,5
242,5
241,19
240,4
239,3
238,11
237,5
236,4
235,6
233,36
207,13
232,5
231,10
230,9
229,5
228,11
227,16
226,11
225,20
224,15
223,12
222,12
221,18
220,3
219,14
218,16
217,20
216,8
215,6
214,13
213,9
212,9
211,5
210,13
209,16
208,13
206,4
204,17
203,9
202,16
201,20
200,40
199,12
198,16
197,12
196,2
195,9
194,7
193,6
191,18
190,14
189,6
188,8
187,4
186,6
185,15
184,6
183,3
182,7
181,13
180,8
179,8
178,25
177,5
176,10
175,11
174,12
173,6
172,17
171,12
170,12
169,7
168,22
167,22
151,1
150,2
149,4
148,7
147,5
146,6
145,6
144,7
143,20
142,12
141,19
140,10
139,12
138,12
137,9
136,10
135,12
134,3
133,8
132,7
131,6
130,15
129,8
128,8
127,9
126,7
125,5
124,6
123,7
121,8
120,5
119,10
118,13
117,12
116,12
115,14
114,13
113,18
112,14
111,8
110,10
109,8
108,7
107,10
106,7
105,5
104,6
103,25
102,9
101,12
100,12
99,10
98,11
97,12
96,14
95,13
94,8
93,7
92,8
91,15
90,12
89,9
88,12
87,9
86,9
85,9
84,8
83,20
82,6
81,6
80,7
79,5
78,8
77,8
76,7
75,12
74,11
73,10
72,8
71,9
70,14
69,11
68,8
67,15
66,6
65,7
64,6
63,8
62,7
61,6
60,6
59,7
58,9
57,10
56,7
55,8
54,8
53,12
52,12
51,6
50,10
49,11
48,7
47,31
46,9
45,16
44,13
43,11
42,11
41,10
40,25
39,17
38,20
37,19
36,16
35,15
34,19
33,11
32,8
31,19
30,10
29,10
28,12
27,10
26,9
25,11
24,8
23,9
22,9
21,7
20,9
19,9
18,7
17,9
16,10
15,10
14,10
13,6
12,6
11,8
10,19
9,19
8,11
7,7
6,5
5,8
4,5
3,6
2,8
